source_row,sample_row_id,G2cruise,G2station,G2latitude,G2longitude,G2pressure,G2depth,G2temperature,G2salinity,U,G2nitrate,Y,x_temperature,x_salinity,x_pressure,c,c0,y,u_raw_value,u_raw_std,u_log_std,split,calib_10,calib_25,calib_50,calib_10_random_existing,cruise,station,depth_m,latitude,longitude,profile,band,log_pressure,uq,pq,cell,fold,cohort_id,source_fold,calib_o20,calib_o50
37908,37909,1090.0,4297.0,22.004,149.33,506.2,502.0,9.5143,34.167,174.57,20.09,28.35,9.5143,34.167,506.2,4,3,28.35,174.57,0.7076596565612664,0.8478383717103568,pool,0,0,0,0,1090.0,4297.0,502.0,22.004,149.33,1090:4297,4,6.226931848111024,4,2,4:4:2,4,exploration-p300_1500_u180-002,3,1,1
2418,2419,298.0,209.0,24.25,175.17,506.6,503.0,9.2783,34.169,177.11,20.265,28.868,9.2783,34.169,506.6,4,3,28.868,177.11,0.7400950017886919,0.8670514982843905,pool,0,0,0,0,298.0,209.0,503.0,24.25,175.17,298:209,4,6.227721737567575,4,2,4:4:2,1,exploration-p300_1500_u180-003,1,0,1
12044,12045,495.0,73.0,28.497,149.32,598.2,593.0,9.7592,34.198,177.19,19.59,31.413,9.7592,34.198,598.2,4,3,31.413,177.19,0.741116587465146,0.8676521507834234,pool,0,0,0,0,495.0,73.0,593.0,28.497,149.32,495:73,4,6.393925146195848,4,2,4:4:2,1,exploration-p300_1500_u180-004,4,0,0
51991,51992,2081.0,5356.0,27.976,146.99,606.1,601.0,9.869,34.188,179.4,19.1,28.57,9.869,34.188,606.1,4,3,28.57,179.4,0.7693378917771972,0.8841388274443895,pool,0,0,0,0,2081.0,5356.0,601.0,27.976,146.99,2081:5356,4,6.40704498895724,4,2,4:4:2,3,exploration-p300_1500_u180-005,2,0,1
21331,21332,560.0,1397.0,30.985,143.98,605.9,601.0,11.089,34.321,177.21,17.44,25.552,11.089,34.321,605.9,4,3,25.552,177.21,0.7413719838842597,0.8678022715347046,pool,0,0,0,0,560.0,1397.0,601.0,30.985,143.98,560:1397,4,6.406714955950943,4,2,4:4:2,4,exploration-p300_1500_u180-006,5,0,0
9926,9927,476.0,12.0,41.0,162.5,302.4,300.0,5.4909,33.912,157.0,29.4,63.125,5.4909,33.912,302.4,4,3,63.125,157.0,0.4832939023699822,0.7067445588535545,pool,0,0,0,0,476.0,12.0,300.0,41.0,162.5,476:12,4,5.711750644305378,1,1,4:1:1,1,exploration-p300_1500_u180-008,4,0,1
60856,60857,4087.0,6700.0,42.4967,145.8537,301.1,299.0,2.51,33.5972,153.49,35.54,82.6056,2.51,33.5972,301.1,4,3,82.6056,153.49,0.4384718308155482,0.6766711646657304,pool,0,0,0,0,4087.0,6700.0,299.0,42.4967,145.8537,4087:6700,4,5.707442435487688,1,1,4:1:1,3,exploration-p300_1500_u180-009,1,0,0
58576,58577,4080.0,6436.0,32.0078,142.9665,505.1,501.0,8.9883,34.1751,157.82,22.15,38.1744,8.9883,34.1751,505.1,4,3,38.1744,157.82,0.4937651555536391,0.7136733419518274,pool,0,0,0,0,4080.0,6436.0,501.0,32.0078,142.9665,4080:6436,4,6.224756429474007,1,1,4:1:1,3,exploration-p300_1500_u180-010,5,1,1
18350,18351,517.0,58.0,37.992,165.0,473.2,469.0,6.4586,33.992,154.94,27.79,53.015,6.4586,33.992,473.2,4,3,53.015,154.94,0.456988071201283,0.6891771822270127,pool,0,0,0,0,517.0,58.0,469.0,37.992,165.0,517:58,4,6.159518132104232,1,1,4:1:1,5,exploration-p300_1500_u180-011,1,0,0
36597,36598,1082.0,3475.0,35.987,147.02,404.1,401.0,5.8749,33.962,154.2,29.32,58.98,5.8749,33.962,404.1,4,3,58.98,154.2,0.4475384036940802,0.6828094939784748,pool,0,0,0,0,1082.0,3475.0,401.0,35.987,147.02,1082:3475,4,6.001662372084428,1,1,4:1:1,4,exploration-p300_1500_u180-012,3,0,0
47748,47749,2062.0,5183.0,20.029,149.29,402.9,400.0,10.916,34.247,165.1,18.2,21.99,10.916,34.247,402.9,4,3,21.99,165.1,0.5867294521109839,0.7736544485629019,pool,0,0,0,0,2062.0,5183.0,400.0,20.029,149.29,2062:5183,4,5.998688392197302,2,1,4:2:1,3,exploration-p300_1500_u180-014,5,0,0
5317,5318,301.0,85.0,20.001,179.0,459.9,457.0,8.8002,34.127,162.5,22.09,32.419,8.8002,34.127,459.9,4,3,32.419,162.5,0.553527917626218,0.7525417853531702,pool,0,0,0,0,301.0,85.0,457.0,20.001,179.0,301:85,4,6.1310090745458785,2,1,4:2:1,4,exploration-p300_1500_u180-016,4,1,1
25229,25230,587.0,1629.0,35.005,147.0,301.8,299.0,5.3494,33.91,161.1,29.18,60.337,5.3494,33.91,301.8,4,3,60.337,161.1,0.5356501682882671,0.7410330745079872,pool,0,0,0,0,587.0,1629.0,299.0,35.005,147.0,587:1629,4,5.709764546333749,2,1,4:2:1,5,exploration-p300_1500_u180-017,3,0,0
34741,34742,1073.0,3697.0,24.238,141.2,504.8,501.0,9.8302,34.234,163.99,20.61,33.82,9.8302,34.234,504.8,4,3,33.82,163.99,0.5725549508501803,0.7646819295693491,pool,0,0,0,0,1073.0,3697.0,501.0,24.238,141.2,1073:3697,4,6.224162311227003,2,1,4:2:1,1,exploration-p300_1500_u180-018,3,0,1
48959,48960,2069.0,4161.0,32.015,147.94,506.6,502.0,12.679,34.428,171.4,15.35,21.56,12.679,34.428,506.6,4,3,21.56,171.4,0.6671793241317633,0.8234637760024995,pool,0,0,0,0,2069.0,4161.0,502.0,32.015,147.94,2069:4161,4,6.227721737567575,3,2,4:3:2,3,exploration-p300_1500_u180-019,2,1,1
48888,48889,2069.0,4153.0,27.999,146.98,506.4,502.0,10.549,34.275,170.2,18.91,28.85,10.549,34.275,506.4,4,3,28.85,170.2,0.651855538984948,0.8141189844838942,pool,0,0,0,0,2069.0,4153.0,502.0,27.999,146.98,2069:4153,4,6.227326870829966,3,2,4:3:2,1,exploration-p300_1500_u180-020,1,0,1
1295,1296,272.0,74.0,29.991,173.32,641.7,636.0,7.0848,34.017,170.6,24.75,44.035,7.0848,34.017,641.7,4,3,44.035,170.6,0.6569634673672198,0.8172412156240492,pool,0,0,0,0,272.0,74.0,636.0,29.991,173.32,272:74,4,6.46412090475647,3,2,4:3:2,5,exploration-p300_1500_u180-021,4,0,0
52345,52346,2083.0,5405.0,32.003,147.93,604.5,599.0,8.4083,34.098,169.1,22.71,39.85,8.4083,34.098,604.5,4,3,39.85,169.1,0.6378087359337009,0.805494864435033,pool,0,0,0,0,2083.0,5405.0,599.0,32.003,147.93,2083:5405,4,6.404401670054847,3,2,4:3:2,3,exploration-p300_1500_u180-022,3,0,0
3586,3587,299.0,15.0,40.862,147.08,527.9,523.0,1.8716,33.549,173.05,34.63,77.619,1.8716,33.549,527.9,4,3,77.619,173.05,0.6882495287086341,0.8362065952627311,pool,0,0,0,0,299.0,15.0,523.0,40.862,147.08,299:15,4,6.268906871829571,3,2,4:3:2,4,exploration-p300_1500_u180-024,5,0,0
40598,40599,1099.0,5175.0,17.855,149.33,432.5,429.0,10.376,34.218,168.56,18.88,23.93,10.376,34.218,432.5,4,3,23.93,168.56,0.6309130326176342,0.8012406540815142,pool,0,0,0,0,1099.0,5175.0,429.0,17.855,149.33,1099:5175,4,6.069582326371934,3,1,4:3:1,5,exploration-p300_1500_u180-025,2,0,1
38625,38626,1092.0,4431.0,34.019,148.54,505.3,501.0,12.808,34.433,172.04,15.15,21.33,12.808,34.433,505.3,4,3,21.33,172.04,0.6753520095433979,0.8284209486819547,pool,0,0,0,0,1092.0,4431.0,501.0,34.019,148.54,1092:4431,4,6.225152312297863,3,1,4:3:1,5,exploration-p300_1500_u180-026,3,0,0
18434,18435,517.0,64.0,35.03,165.03,375.4,372.0,7.0707,34.007,169.31,25.3,45.612,7.0707,34.007,375.4,4,3,45.612,169.31,0.6404903983343937,0.8071456117852324,pool,0,0,0,0,517.0,64.0,372.0,35.03,165.03,517:64,4,5.927992124152408,3,1,4:3:1,1,exploration-p300_1500_u180-027,4,0,1
41876,41877,2030.0,2897.0,36.987,149.61,306.9,304.0,8.3071,34.105,168.7,22.81,40.52,8.3071,34.105,306.9,4,3,40.52,168.7,0.6327008075514292,0.8023449047509525,pool,0,0,0,0,2030.0,2897.0,304.0,36.987,149.61,2030:2897,4,5.72652196162569,3,1,4:3:1,4,exploration-p300_1500_u180-028,2,1,1
19961,19962,518.0,53.0,37.52,170.01,404.2,401.0,7.8885,34.045,174.16,23.17,39.592,7.8885,34.045,404.2,4,3,39.592,174.16,0.7024240299694379,0.8447108582082916,pool,0,0,0,0,518.0,53.0,401.0,37.52,170.01,518:53,4,6.001909804969521,3,1,4:3:1,3,exploration-p300_1500_u180-030,1,0,0
48872,48873,2069.0,4151.0,29.003,145.99,606.7,602.0,9.2219,34.182,164.7,21.63,34.93,9.2219,34.182,606.7,4,3,34.93,164.7,0.5816215237287122,0.7704280798373032,pool,0,0,0,0,2069.0,4151.0,602.0,29.003,145.99,2069:4151,4,6.408034434948252,2,2,4:2:2,5,exploration-p300_1500_u180-031,4,0,0
37696,37697,1088.0,3980.0,32.995,148.18,705.5,699.0,7.3083,34.05,160.77,25.71,48.0,7.3083,34.05,705.5,4,3,48.0,160.77,0.531436127372893,0.7383057423184533,pool,0,0,0,0,1088.0,3980.0,699.0,32.995,148.18,1088:3980,4,6.558906771292869,2,2,4:2:2,1,exploration-p300_1500_u180-032,5,1,1
41118,41119,2028.0,2772.0,36.01,149.28,606.0,601.0,9.7613,34.234,162.0,20.51,35.63,9.7613,34.234,606.0,4,3,35.63,162.0,0.5471430071483784,0.7484429535887838,pool,0,0,0,0,2028.0,2772.0,601.0,36.01,149.28,2028:2772,4,6.406879986069314,2,2,4:2:2,4,exploration-p300_1500_u180-033,3,0,1
40342,40343,1098.0,5158.0,27.823,149.34,636.0,631.0,8.5271,34.129,159.57,23.32,39.48,8.5271,34.129,636.0,4,3,39.48,159.57,0.5161123422260778,0.728340759539146,pool,0,0,0,0,1098.0,5158.0,631.0,27.823,149.34,1098:5158,4,6.455198563340122,2,2,4:2:2,5,exploration-p300_1500_u180-034,2,0,1
14654,14655,501.0,33.0,31.0,155.0,601.0,596.0,9.4056,34.223,166.1,21.4,35.754,9.4056,34.223,601.0,4,3,35.754,166.1,0.5994992730666632,0.7816862957654478,pool,0,0,0,0,501.0,33.0,596.0,31.0,155.0,501:33,4,6.398594934535208,2,2,4:2:2,4,exploration-p300_1500_u180-036,1,0,0
10855,10856,490.0,3.0,37.0,155.0,401.5,398.0,4.8882,34.024,108.7,34.1,77.265,4.8882,34.024,401.5,3,2,77.265,108.7,-0.1334884497893249,0.2177390414802537,pool,0,0,0,0,490.0,3.0,398.0,37.0,155.0,490:3,3,5.995207533386816,1,1,3:1:1,5,exploration-p300_1500_u180-037,2,0,0
28811,28812,606.0,2939.0,42.998,165.0,304.0,301.0,3.6735,33.857,111.4,37.16,89.437,3.6735,33.857,304.0,3,2,89.437,111.4,-0.0990099332089909,0.2503730147852905,pool,0,0,0,0,606.0,2939.0,301.0,42.998,165.0,606:2939,3,5.717027701406222,1,1,3:1:1,4,exploration-p300_1500_u180-038,3,0,1
8320,8321,453.0,16.0,43.0,169.99,400.3,397.0,4.05,33.883,104.2,36.6,75.48,4.05,33.883,400.3,3,2,75.48,104.2,-0.1909526440898815,0.1615041338422692,pool,0,0,0,0,453.0,16.0,397.0,43.0,169.99,453:16,3,5.992214265998528,1,1,3:1:1,3,exploration-p300_1500_u180-039,5,0,0
31997,31998,1058.0,2407.0,42.99,165.01,303.4,301.0,3.6287,33.841,100.0,38.5,84.65,3.6287,33.841,303.4,3,2,84.65,100.0,-0.2445858921037343,0.1067824752437922,pool,0,0,0,0,1058.0,2407.0,301.0,42.99,165.01,1058:2407,3,5.715052066914432,1,1,3:1:1,1,exploration-p300_1500_u180-040,1,1,1
59362,59363,4082.0,6511.0,39.9688,146.4885,504.4,500.0,3.5084,33.842,101.43,37.22,87.8724,3.5084,33.842,504.4,3,2,87.8724,101.43,-0.2263250481371129,0.1256677638962462,pool,0,0,0,0,4082.0,6511.0,500.0,39.9688,146.4885,4082:6511,3,6.223369604090764,1,1,3:1:1,5,exploration-p300_1500_u180-042,4,0,1
58454,58455,4079.0,6424.0,29.0028,147.2237,705.6,700.0,7.0708,34.0204,151.2,26.62,49.2723,7.0708,34.0204,705.6,4,3,49.2723,151.2,0.4092289408270425,0.6566776150181877,pool,0,0,0,0,4079.0,6424.0,700.0,29.0028,147.2237,4079:6424,4,6.559048504692582,1,2,4:1:2,4,exploration-p300_1500_u180-043,3,0,1
13400,13401,497.0,138.0,24.297,155.21,600.0,595.0,7.7002,34.083,150.99,25.67,42.976,7.7002,34.083,600.0,4,3,42.976,150.99,0.4065472784263501,0.6548290117255565,pool,0,0,0,0,497.0,138.0,595.0,24.297,155.21,497:138,4,6.396929655216146,1,2,4:1:2,1,exploration-p300_1500_u180-044,4,1,1
12274,12275,495.0,109.0,34.739,148.88,599.4,594.0,10.497,34.324,155.77,20.38,33.313,10.497,34.324,599.4,4,3,33.313,155.77,0.4675870225944969,0.6962832335643047,pool,0,0,0,0,495.0,109.0,594.0,34.739,148.88,495:109,4,6.3959291548825625,1,2,4:1:2,1,exploration-p300_1500_u180-046,5,0,0
21453,21454,563.0,1596.0,27.118,144.67,602.8,598.0,8.0054,34.117,151.47,25.33,44.097,8.0054,34.117,602.8,4,3,44.097,151.47,0.412676792485076,0.6590506216332667,pool,0,0,0,0,563.0,1596.0,598.0,27.118,144.67,563:1596,4,6.401585466752341,1,2,4:1:2,5,exploration-p300_1500_u180-047,4,0,0
13777,13778,497.0,162.0,24.244,141.56,599.5,595.0,8.7524,34.196,154.87,23.45,42.471,8.7524,34.196,599.5,4,3,42.471,154.87,0.4560941837343855,0.6885761371256276,pool,0,0,0,0,497.0,162.0,595.0,24.244,141.56,497:162,4,6.396095974467569,1,2,4:1:2,3,exploration-p300_1500_u180-048,2,0,1
6194,6195,302.0,74.0,29.161,149.28,695.9,690.05,7.116,34.068,155.8,26.2,49.3,7.116,34.068,695.9,4,3,49.3,155.8,0.4679701172231673,0.6965393692370048,pool,0,0,0,0,302.0,74.0,690.05,29.161,149.28,302:74,4,6.545205971850804,1,2,4:1:2,3,exploration-p300_1500_u180-049,5,0,0
48657,48658,2066.0,5378.0,24.254,144.86,605.2,600.0,8.2078,34.118,143.2,25.35,41.392,8.2078,34.118,605.2,4,3,41.392,143.2,0.3070703731816085,0.5843734093580167,test,0,0,0,0,2066.0,5378.0,600.0,24.254,144.86,2066:5378,3,6.405558981914201,4,2,3:4:2,1,exploration-p300_1500_u180-050,4,1,1
56685,56686,4066.0,5703.0,23.9707,149.3152,605.0,600.0,8.107,34.1148,143.01,25.61,41.8869,8.107,34.1148,605.0,4,3,41.8869,143.01,0.3046441072000295,0.5826074800783834,test,0,0,0,0,4066.0,5703.0,600.0,23.9707,149.3152,4066:5703,3,6.405228458030842,4,2,3:4:2,3,exploration-p300_1500_u180-051,5,0,1
49592,49593,2071.0,4570.0,31.004,144.01,707.5,701.0,6.932,34.081,139.6,28.2,56.86,6.932,34.081,707.5,3,2,56.86,139.6,0.2610990177411634,0.5505084153931815,pool,0,0,0,0,2071.0,4570.0,701.0,31.004,144.01,2071:4570,3,6.561737629517393,4,2,3:4:2,5,exploration-p300_1500_u180-052,1,0,0
45189,45190,2050.0,4695.0,24.241,161.6,605.1,600.0,7.4677,34.064,143.2,26.84,45.78,7.4677,34.064,605.1,4,3,45.78,143.2,0.3070703731816085,0.5843734093580167,pool,0,0,0,0,2050.0,4695.0,600.0,24.241,161.6,2050:4695,3,6.405393733628276,4,2,3:4:2,5,exploration-p300_1500_u180-053,5,0,0
43681,43682,2041.0,4268.0,24.984,165.0,608.2,603.0,7.6172,34.083,138.4,26.93,44.78,7.6172,34.083,608.2,3,2,44.78,138.4,0.2457752325943484,0.539025726622745,pool,0,0,0,0,2041.0,4268.0,603.0,24.984,165.0,2041:4268,3,6.4105037752432645,4,2,3:4:2,3,exploration-p300_1500_u180-054,4,0,1
22941,22942,574.0,507.0,32.456,141.71,704.5,698.0,6.9627,34.15,138.446,27.77,57.176,6.9627,34.15,704.5,3,2,57.176,138.446,0.2463626443583096,0.5394677284135624,pool,0,0,0,0,574.0,507.0,698.0,32.456,141.71,574:507,3,6.557488331338735,4,2,3:4:2,4,exploration-p300_1500_u180-055,3,0,0
46909,46910,2058.0,5035.0,32.013,143.02,506.1,502.0,13.774,34.484,178.6,12.93,16.47,13.774,34.484,506.1,4,3,16.47,178.6,0.7591220350126537,0.8781943712705631,pool,0,0,0,0,2058.0,5035.0,502.0,32.013,143.02,2058:5035,4,6.226734278220032,4,1,4:4:1,5,exploration-p300_1500_u180-056,2,0,0
29736,29737,714.0,29.0,48.15,150.13,304.2,301.0,1.0704,33.432,179.7,32.15,68.123,1.0704,33.432,304.2,4,3,68.123,179.7,0.7731688380639008,0.8863611669003175,pool,0,0,0,0,714.0,29.0,301.0,48.15,150.13,714:29,4,5.717685379825192,4,1,4:4:1,5,exploration-p300_1500_u180-057,4,0,1
5911,5912,302.0,57.0,17.833,149.33,395.9,393.15,11.5,34.305,179.8,15.88,18.8,11.5,34.305,395.9,4,3,18.8,179.8,0.774445820159469,0.8871011223324436,pool,0,0,0,0,302.0,57.0,393.15,17.833,149.33,302:57,4,5.981161654112085,4,1,4:4:1,4,exploration-p300_1500_u180-059,3,0,0
40880,40881,2028.0,2745.0,33.504,141.5,403.6,400.0,14.665,34.559,177.7,11.44,14.02,14.665,34.559,403.6,4,3,14.02,177.7,0.7476291961525423,0.8714749471032781,pool,0,0,0,0,2028.0,2745.0,400.0,33.504,141.5,2028:2745,4,6.000424288479454,4,1,4:4:1,1,exploration-p300_1500_u180-060,2,0,0
1972,1973,296.0,49.0,34.7,165.05,395.0,391.78,7.2383,34.04,177.2,21.1,42.071,7.2383,34.04,395.0,4,3,42.071,177.2,0.7412442856747027,0.86772721327702,pool,0,0,0,0,296.0,49.0,391.78,34.7,165.05,296:49,4,5.978885764901122,4,1,4:4:1,3,exploration-p300_1500_u180-062,1,1,1
19802,19803,518.0,42.0,39.99,167.02,605.0,599.0,5.4982,33.991,126.8,31.92,66.458,5.4982,33.991,605.0,3,2,66.458,126.8,0.0976453095084692,0.4225954001607209,pool,0,0,0,0,518.0,42.0,599.0,39.99,167.02,518:42,3,6.405228458030842,3,2,3:3:2,1,exploration-p300_1500_u180-063,3,1,1
38015,38016,1090.0,4304.0,28.009,146.99,709.7,704.0,7.0465,34.088,136.93,28.05,53.37,7.0465,34.088,709.7,3,2,53.37,136.93,0.2270035957895,0.5248229789014994,pool,0,0,0,0,1090.0,4304.0,704.0,28.009,146.99,1090:4304,3,6.564842345530938,3,2,3:3:2,3,exploration-p300_1500_u180-065,2,0,0
39207,39208,1096.0,4819.0,24.264,142.45,675.3,670.0,7.0117,34.094,126.19,29.13,54.03,7.0117,34.094,675.3,3,2,54.03,126.19,0.0898557187255048,0.416181358626894,pool,0,0,0,0,1096.0,4819.0,670.0,24.264,142.45,1096:4819,3,6.5151570365807965,3,2,3:3:2,3,exploration-p300_1500_u180-066,2,0,0
6301,6302,302.0,81.0,32.686,144.89,797.6,790.48,5.861,34.064,132.0,30.46,65.97,5.861,34.064,797.6,3,2,65.97,132.0,0.1640483784780012,0.4760520788680201,pool,0,0,0,0,302.0,81.0,790.48,32.686,144.89,302:81,3,6.6816072186476285,3,2,3:3:2,1,exploration-p300_1500_u180-067,1,0,1
44354,44355,2046.0,4470.0,39.993,150.33,603.6,598.0,4.3005,33.894,119.3,34.46,77.21,4.3005,33.894,603.6,3,2,77.21,119.3,0.0018716523408749,0.3415014229690279,pool,0,0,0,0,2046.0,4470.0,598.0,39.993,150.33,2046:4470,3,6.402911726893694,2,1,3:2:1,4,exploration-p300_1500_u180-071,3,0,0
15346,15347,503.0,6.0,35.0,155.0,502.4,498.0,5.1595,34.023,114.5,33.5,73.225,5.1595,34.023,502.4,3,2,73.225,114.5,-0.0594234882463853,0.2868801011449405,pool,0,0,0,0,503.0,6.0,498.0,35.0,155.0,503:6,3,6.219396615153989,2,1,3:2:1,1,exploration-p300_1500_u180-072,5,1,1
23491,23492,578.0,782.0,34.931,140.21,402.4,399.0,7.1169,34.215,123.76,31.17,65.693,7.1169,34.215,402.4,3,2,65.693,123.76,0.0588250538032044,0.3903188134703889,pool,0,0,0,0,578.0,782.0,399.0,34.931,140.21,578:782,3,5.9974466187855295,2,1,3:2:1,5,exploration-p300_1500_u180-073,1,0,0
49514,49515,2071.0,4560.0,34.939,140.25,408.7,405.0,7.655,34.282,113.8,28.69,62.8,7.655,34.282,408.7,3,2,62.8,113.8,-0.0683623629153609,0.2787237120416508,pool,0,0,0,0,2071.0,4560.0,405.0,34.939,140.25,2071:4560,3,6.012981390570231,2,1,3:2:1,3,exploration-p300_1500_u180-074,4,0,1
12943,12944,497.0,110.0,24.215,177.6,600.1,595.0,7.2533,34.077,126.78,28.71,47.659,7.2533,34.077,600.1,3,2,47.659,126.78,0.0973899130893556,0.4223855934160725,pool,0,0,0,0,497.0,110.0,595.0,24.215,177.6,497:110,3,6.397096307995467,3,1,3:3:1,4,exploration-p300_1500_u180-076,4,0,0
53183,53184,2088.0,5683.0,39.684,147.89,406.9,403.0,3.9458,33.82,126.0,34.55,76.22,3.9458,33.82,406.9,3,2,76.22,126.0,0.0874294527439258,0.4141772084206759,pool,0,0,0,0,2088.0,5683.0,403.0,39.684,147.89,2088:5683,3,6.008567455007644,3,1,3:3:1,3,exploration-p300_1500_u180-077,3,1,1
5353,5354,301.0,87.0,19.004,179.0,507.7,504.0,8.2637,34.133,136.5,25.54,39.868,8.2637,34.133,507.7,3,2,39.868,136.5,0.2215125727785578,0.5206396010050833,pool,0,0,0,0,301.0,87.0,504.0,19.004,179.0,301:87,3,6.229890721953349,3,1,3:3:1,1,exploration-p300_1500_u180-078,1,0,0
23078,23079,575.0,625.0,42.017,165.01,301.8,299.0,3.7418,33.752,135.93,35.71,73.099,3.7418,33.752,301.8,3,2,73.099,135.93,0.2142337748338207,0.5150738342128328,pool,0,0,0,0,575.0,625.0,299.0,42.017,165.01,575:625,3,5.709764546333749,3,1,3:3:1,5,exploration-p300_1500_u180-079,5,0,0
12335,12336,495.0,113.0,35.739,148.29,602.5,597.0,7.5019,34.188,129.44,27.8,55.539,7.5019,34.188,602.5,3,2,55.539,129.44,0.1313576368314624,0.4500033666587478,pool,0,0,0,0,495.0,113.0,597.0,35.739,148.29,495:113,3,6.40108766536481,3,1,3:3:1,4,exploration-p300_1500_u180-080,2,0,1
30726,30727,1035.0,73.0,30.0,179.08,669.1,663.0,5.9523,34.027,120.4,31.78,63.32,5.9523,34.027,669.1,3,2,63.32,120.4,0.0159184553921221,0.3537090751271396,pool,0,0,0,0,1035.0,73.0,663.0,30.0,179.08,1035:73,3,6.505933525788771,2,2,3:2:2,5,exploration-p300_1500_u180-081,4,0,0
55502,55503,2100.0,6215.0,33.983,148.58,806.8,799.0,5.9463,34.035,121.8,31.41,66.46,5.9463,34.035,806.8,3,2,66.46,121.8,0.033796204730073,0.3690857765011353,pool,0,0,0,0,2100.0,6215.0,799.0,33.983,148.58,2100:6215,3,6.693075806080056,2,2,3:2:2,4,exploration-p300_1500_u180-082,1,0,0
22141,22142,567.0,2037.0,27.974,151.02,706.8,701.0,7.4288,34.243,114.84,29.32,62.428,7.4288,34.243,706.8,3,2,62.428,114.84,-0.0550817491214544,0.2908238011709898,pool,0,0,0,0,567.0,2037.0,701.0,27.974,151.02,567:2037,3,6.560747740445541,2,2,3:2:2,1,exploration-p300_1500_u180-084,2,0,1
43801,43802,2044.0,4378.0,24.266,161.64,608.6,604.0,7.0317,34.082,123.8,29.07,52.11,7.0317,34.082,608.6,3,2,52.11,123.8,0.0593358466414314,0.3907486308452529,pool,0,0,0,0,2044.0,4378.0,604.0,24.266,161.64,2044:4378,3,6.411161237462871,2,2,3:2:2,1,exploration-p300_1500_u180-085,3,0,1
26999,27000,593.0,2053.0,28.013,149.0,704.7,699.0,5.8652,34.046,119.6,32.06,66.307,5.8652,34.046,704.7,3,2,66.307,119.6,0.0057025986275786,0.3448419099194189,pool,0,0,0,0,593.0,2053.0,699.0,28.013,149.0,593:2053,3,6.557772180332977,2,2,3:2:2,5,exploration-p300_1500_u180-086,5,1,1
51730,51731,2078.0,5129.0,42.001,143.98,353.2,350.0,2.7759,33.68,139.8,35.28,79.23,2.7759,33.68,353.2,3,2,79.23,139.8,0.2636529819322994,0.5524125958972843,pool,0,0,0,0,2078.0,5129.0,350.0,42.001,143.98,2078:5129,3,5.867034468729805,4,1,3:4:1,1,exploration-p300_1500_u180-087,3,0,0
53564,53565,2090.0,5745.0,37.989,148.99,504.5,500.0,6.2005,33.99,142.9,28.93,58.11,6.2005,33.99,504.5,4,3,58.11,142.9,0.303239426894905,0.5815840273046966,pool,0,0,0,0,2090.0,5745.0,500.0,37.989,148.99,2090:5745,3,6.223567839793664,4,1,3:4:1,3,exploration-p300_1500_u180-089,4,0,0
3568,3569,299.0,14.0,41.128,146.89,533.0,528.0,2.6914,33.687,146.82,35.02,79.036,2.6914,33.687,533.0,4,3,79.036,146.82,0.3532971250411675,0.6175787258606501,pool,0,0,0,0,299.0,14.0,528.0,41.128,146.89,299:14,3,6.278521424165844,4,1,3:4:1,4,exploration-p300_1500_u180-090,2,1,1
5947,5948,302.0,59.0,19.169,149.34,495.5,491.91,8.7592,34.167,145.4,23.97,35.11,8.7592,34.167,495.5,4,3,35.11,145.4,0.3351639792841031,0.6046520674500606,pool,0,0,0,0,302.0,59.0,491.91,19.169,149.34,302:59,3,6.205567353770043,4,1,3:4:1,5,exploration-p300_1500_u180-091,2,0,1
60682,60683,4085.0,6632.0,34.735,140.435,303.4,301.0,10.4196,34.3469,144.21,21.19,37.7586,10.4196,34.3469,303.4,4,3,37.7586,144.21,0.3199678923468448,0.5937215606637046,pool,0,0,0,0,4085.0,6632.0,301.0,34.735,140.435,4085:6632,3,5.715052066914432,4,1,3:4:1,4,exploration-p300_1500_u180-093,1,0,0
19928,19929,518.0,51.0,38.505,170.0,636.3,631.0,4.9234,34.027,101.34,35.13,78.225,4.9234,34.027,636.3,3,2,78.225,101.34,-0.2274743320231241,0.1244870537832541,pool,0,0,0,0,518.0,51.0,631.0,38.505,170.0,518:51,3,6.455670150238746,1,2,3:1:2,4,exploration-p300_1500_u180-094,2,0,1
19785,19786,518.0,41.0,40.013,166.35,676.8,671.0,5.0746,34.023,110.19,34.31,75.558,5.0746,34.023,676.8,3,2,75.558,110.19,-0.1144614165653629,0.2358470838256264,pool,0,0,0,0,518.0,41.0,671.0,40.013,166.35,518:41,3,6.517375808292013,1,2,3:1:2,3,exploration-p300_1500_u180-095,3,0,1
40534,40535,1099.0,5171.0,20.502,149.33,604.7,600.0,7.9037,34.187,101.15,29.72,46.99,7.9037,34.187,604.7,3,2,46.99,101.15,-0.2299005980047031,0.1219909962336954,pool,0,0,0,0,1099.0,5171.0,600.0,20.502,149.33,1099:5171,3,6.4047324672791675,1,2,3:1:2,4,exploration-p300_1500_u180-097,5,0,0
25202,25203,587.0,1625.0,32.998,147.0,809.7,802.0,5.5705,34.136,102.8,33.65,78.416,5.5705,34.136,809.7,3,2,78.416,102.8,-0.2088303934278325,0.1435125764535041,pool,0,0,0,0,587.0,1625.0,802.0,32.998,147.0,587:1625,3,6.696663808692069,1,2,3:1:2,5,exploration-p300_1500_u180-098,2,0,0
24262,24263,580.0,1058.0,35.971,164.94,810.6,803.0,4.7969,34.082,102.3,36.73,85.585,4.7969,34.082,810.6,3,2,85.585,102.3,-0.2152153039056721,0.1370275813787284,pool,0,0,0,0,580.0,1058.0,803.0,35.971,164.94,580:1058,3,6.697774714194209,1,2,3:1:2,3,exploration-p300_1500_u180-099,3,0,0
1166,1167,272.0,68.0,30.001,169.4,751.3,745.0,5.1102,34.056,100.9,34.67,76.319,5.1102,34.056,751.3,3,2,76.319,100.9,-0.2330930532436229,0.1186995571500524,pool,0,0,0,0,272.0,68.0,745.0,30.001,169.4,272:68,3,6.621805039375115,1,2,3:1:2,1,exploration-p300_1500_u180-100,4,1,1
18092,18093,517.0,41.0,48.507,162.48,1083.5,1072.0,2.492,34.447,23.7,43.92,157.82,2.492,34.447,1083.5,1,0,157.82,23.7,-1.21892323102206,-1.808112627911313,pool,0,0,0,0,517.0,41.0,1072.0,48.507,162.48,517:41,1,6.987951820976414,1,2,1:1:2,5,exploration-p300_1500_u180-101,4,0,0
17202,17203,504.0,156.0,47.005,173.83,1130.3,1118.0,2.4757,34.46,27.06,43.89,157.53,2.4757,34.46,1130.3,1,0,157.53,27.06,-1.176016632610978,-1.631769872213202,pool,0,0,0,0,504.0,156.0,1118.0,47.005,173.83,504:156,1,7.030238363196686,1,2,1:1:2,3,exploration-p300_1500_u180-102,2,1,1
35518,35519,1078.0,3885.0,47.1,160.08,1014.7,1004.0,2.5867,34.429,21.34,44.1,155.37,2.5867,34.429,1014.7,1,0,155.37,21.34,-1.2490600084774632,-1.947626052137695,pool,0,0,0,0,1078.0,3885.0,1004.0,47.1,160.08,1078:3885,1,6.922348281285037,1,2,1:1:2,1,exploration-p300_1500_u180-103,1,0,0
9941,9942,476.0,14.0,42.5,165.0,1010.6,1000.0,2.8347,34.395,30.7,42.8,143.93,2.8347,34.395,1010.6,1,0,143.93,30.7,-1.1295344843323054,-1.463907033737144,pool,0,0,0,0,476.0,14.0,1000.0,42.5,165.0,476:14,1,6.918299492857808,1,2,1:1:2,3,exploration-p300_1500_u180-105,1,0,1
15552,15553,504.0,30.0,47.496,178.99,1127.4,1115.0,2.6111,34.433,27.72,43.6,152.49,2.6111,34.433,1127.4,1,0,152.49,27.72,-1.1675885507802295,-1.5997184452800133,pool,0,0,0,0,504.0,30.0,1115.0,47.496,178.99,504:30,1,7.027669375647474,1,2,1:1:2,4,exploration-p300_1500_u180-106,5,0,0
29052,29053,712.0,4.0,45.522,152.51,800.0,792.0,2.851,34.275,28.275,42.59,138.1,2.851,34.275,800.0,1,0,138.1,28.275,-1.160501300149828,-1.573351343071267,pool,0,0,0,0,712.0,4.0,792.0,45.522,152.51,712:4,1,6.684611727667927,1,1,1:1:1,5,exploration-p300_1500_u180-107,3,0,0
9841,9842,476.0,2.0,45.5,157.5,504.2,499.0,3.1417,34.239,20.7,44.0,129.68,3.1417,34.239,504.2,1,0,129.68,20.7,-1.257232693889098,-1.9881260748399368,pool,0,0,0,0,476.0,2.0,499.0,45.5,157.5,476:2,1,6.222973014753819,1,1,1:1:1,4,exploration-p300_1500_u180-109,2,0,0
57993,57994,4076.0,6011.0,44.0758,154.9507,607.1,601.0,3.2873,34.2608,27.15,42.99,130.6305,3.2873,34.2608,607.1,1,0,130.6305,27.15,-1.174867348724967,-1.627353476827593,pool,0,0,0,0,4076.0,6011.0,601.0,44.0758,154.9507,4076:6011,1,6.408693522136389,1,1,1:1:1,3,exploration-p300_1500_u180-110,5,1,1
8784,8785,461.0,28.0,42.355,152.1,601.2,596.0,3.1711,34.231,29.39,43.98,131.17,3.1711,34.231,601.2,1,0,131.17,29.39,-1.1462629497842454,-1.52190895161946,pool,0,0,0,0,461.0,28.0,596.0,42.355,152.1,461:28,1,6.3989276578788195,1,1,1:1:1,1,exploration-p300_1500_u180-112,1,0,1
54653,54654,2096.0,6066.0,34.483,164.98,838.5,831.0,4.7066,34.048,88.3,36.5,84.63,4.7066,34.048,838.5,3,2,84.63,88.3,-0.3939927972851815,-0.0587182210549389,pool,0,0,0,0,2096.0,6066.0,831.0,34.483,164.98,2096:6066,2,6.731614581263264,4,2,2:4:2,1,exploration-p300_1500_u180-113,2,0,1
21738,21739,563.0,1624.0,10.002,163.98,1261.5,1251.0,3.5313,34.577,79.2,40.29,115.45,3.5313,34.577,1261.5,3,2,115.45,79.2,-0.5101981679818625,-0.2033816844344413,pool,0,0,0,0,563.0,1624.0,1251.0,10.002,163.98,563:1624,2,7.140056768081112,4,2,2:4:2,1,exploration-p300_1500_u180-114,1,0,0
21379,21380,560.0,1402.0,33.531,141.5,808.4,801.0,4.7951,34.098,90.09,36.12,85.823,4.7951,34.098,808.4,3,2,85.823,90.09,-0.3711348177745155,-0.0320249652706608,pool,0,0,0,0,560.0,1402.0,801.0,33.531,141.5,560:1402,2,6.695056985529466,4,2,2:4:2,3,exploration-p300_1500_u180-115,3,1,1
14527,14528,501.0,17.0,15.0,155.0,1401.3,1388.0,3.2308,34.569,85.0,39.6,120.9,3.2308,34.569,1401.3,3,2,120.9,85.0,-0.4361332064389229,-0.1093790537384434,pool,0,0,0,0,501.0,17.0,1388.0,15.0,155.0,501:17,2,7.245155656176172,4,2,2:4:2,4,exploration-p300_1500_u180-117,5,0,0
8047,8048,450.0,16.0,44.503,170.0,800.7,793.0,3.21,34.294,34.0,43.262,131.48,3.21,34.294,800.7,1,0,131.48,34.0,-1.087394075178564,-1.3281097345658768,pool,0,0,0,0,450.0,16.0,793.0,44.503,170.0,450:16,1,6.685486345078588,2,1,1:2:1,1,exploration-p300_1500_u180-119,4,0,0
8774,8775,461.0,27.0,41.958,151.46,598.9,593.0,3.1249,34.223,31.6,44.11,131.92,3.1249,34.223,598.9,1,0,131.92,31.6,-1.1180416454721942,-1.425475375536312,pool,0,0,0,0,461.0,27.0,593.0,41.958,151.46,461:27,1,6.395094639270416,2,1,1:2:1,5,exploration-p300_1500_u180-120,5,0,0
54401,54402,2096.0,6051.0,45.011,164.99,779.0,771.0,3.2735,34.282,31.8,42.92,130.5,3.2735,34.282,779.0,1,0,130.5,31.8,-1.1154876812810584,-1.4170837397826297,pool,0,0,0,0,2096.0,6051.0,771.0,45.011,164.99,2096:6051,1,6.658011045870748,2,1,1:2:1,3,exploration-p300_1500_u180-121,4,0,1
24717,24718,585.0,1402.0,41.006,164.99,803.8,796.0,3.4112,34.28,34.6,41.96,126.38,3.4112,34.28,803.8,1,0,126.38,34.6,-1.0797321826051565,-1.3048426131772015,pool,0,0,0,0,585.0,1402.0,796.0,41.006,164.99,585:1402,1,6.689350482015101,2,1,1:2:1,4,exploration-p300_1500_u180-122,2,0,0
9621,9622,472.0,2.0,37.52,142.49,707.0,701.0,3.276,34.294,35.9,41.6,128.57,3.276,34.294,707.0,1,0,128.57,35.9,-1.0631314153627736,-1.2557848308119324,pool,0,0,0,0,472.0,2.0,701.0,37.52,142.49,472:2,1,6.561030665896573,2,1,1:2:1,1,exploration-p300_1500_u180-124,1,1,1
16486,16487,504.0,90.0,17.513,179.0,770.2,764.0,5.195,34.428,54.5,39.7,85.163,5.195,34.428,770.2,2,1,85.163,54.5,-0.8256127455871397,-0.7005293387177147,pool,0,0,0,0,504.0,90.0,764.0,17.513,179.0,504:90,2,6.646650221380809,1,1,2:1:1,5,exploration-p300_1500_u180-125,2,0,1
19493,19494,518.0,23.0,40.018,154.35,609.5,604.0,3.8456,34.111,56.8,40.24,104.41,3.8456,34.111,609.5,2,1,104.41,56.8,-0.7962421573890774,-0.6455500712231277,pool,0,0,0,0,518.0,23.0,604.0,40.018,154.35,518:23,2,6.412638948921326,1,1,2:1:1,3,exploration-p300_1500_u180-126,4,0,0
55689,55690,2101.0,6227.0,40.048,147.99,707.9,701.0,3.8956,34.278,50.7,40.62,114.24,3.8956,34.278,707.9,2,1,114.24,50.7,-0.8741380652187207,-0.7966598595948056,pool,0,0,0,0,2101.0,6227.0,701.0,40.048,147.99,2101:6227,2,6.562302840780143,1,1,2:1:1,4,exploration-p300_1500_u180-130,2,1,1
25347,25348,587.0,1655.0,45.992,165.0,505.2,500.0,3.5909,34.117,41.7,41.5,113.31,3.5909,34.117,505.2,1,0,113.31,41.7,-0.989066453819834,-1.0565884707652309,pool,0,0,0,0,587.0,1655.0,500.0,45.992,165.0,587:1655,1,6.224954390476336,3,1,1:3:1,5,exploration-p300_1500_u180-131,3,0,0
3380,3381,299.0,3.0,42.857,145.54,793.0,785.0,3.1582,34.232,38.709,42.73,126.61,3.1582,34.232,793.0,1,0,126.61,38.709,-1.0272609882982704,-1.1555842368954814,pool,0,0,0,0,299.0,3.0,785.0,42.857,145.54,299:3,1,6.675823221634848,3,1,1:3:1,4,exploration-p300_1500_u180-132,2,1,1
55267,55268,2100.0,6191.0,34.924,140.24,810.1,803.0,3.255,34.334,38.2,42.07,133.91,3.255,34.334,810.1,1,0,133.91,38.2,-1.0337608271647112,-1.1731898601871098,pool,0,0,0,0,2100.0,6191.0,803.0,34.924,140.24,2100:6191,1,6.697157696836445,3,1,1:3:1,5,exploration-p300_1500_u180-133,4,0,1
50426,50427,2073.0,4747.0,40.674,147.06,607.7,602.0,3.4646,34.176,39.5,42.16,119.97,3.4646,34.176,607.7,1,0,119.97,39.5,-1.0171600599223285,-1.1286788646088517,pool,0,0,0,0,2073.0,4747.0,602.0,40.674,147.06,2073:4747,1,6.40968133914131,3,1,1:3:1,3,exploration-p300_1500_u180-135,1,0,0
20049,20050,518.0,58.0,34.992,170.0,877.9,870.0,3.6683,34.284,41.86,41.74,118.65,3.6683,34.284,877.9,1,0,118.65,41.86,-0.9870232824669252,-1.0514948509261537,pool,0,0,0,0,518.0,58.0,870.0,34.992,170.0,518:58,1,6.777532691932163,3,1,1:3:1,4,exploration-p300_1500_u180-136,3,0,1
10841,10842,490.0,2.0,36.0,155.0,601.5,596.0,4.0796,34.224,57.5,39.8,106.86,4.0796,34.224,601.5,2,1,106.86,57.5,-0.787303282720102,-0.6292585482350133,pool,0,0,0,0,490.0,2.0,596.0,36.0,155.0,490:2,2,6.399426535414734,2,1,2:2:1,1,exploration-p300_1500_u180-137,2,0,0
39458,39459,1096.0,4836.0,24.265,156.84,776.6,770.0,4.9242,34.167,63.03,38.26,88.4,4.9242,34.167,776.6,2,1,88.4,63.03,-0.7166861728351958,-0.5071237456354206,pool,0,0,0,0,1096.0,4836.0,770.0,24.265,156.84,1096:4836,2,6.654925417297567,2,1,2:2:1,4,exploration-p300_1500_u180-138,3,1,1
46057,46058,2054.0,4851.0,17.992,165.0,806.4,800.0,5.4147,34.464,57.9,39.18,81.48,5.4147,34.464,806.4,2,1,81.48,57.9,-0.7821953543378303,-0.6200379230584451,pool,0,0,0,0,2054.0,4851.0,800.0,17.992,165.0,2054:4851,2,6.6925798973171045,2,1,2:2:1,3,exploration-p300_1500_u180-139,2,0,1
35566,35567,1078.0,3894.0,42.673,152.68,304.1,301.0,3.2108,33.893,59.48,42.04,100.64,3.2108,33.893,304.1,2,1,100.64,59.48,-0.7620190372278571,-0.5842288021449499,pool,0,0,0,0,1078.0,3894.0,301.0,42.673,152.68,1078:3894,2,5.717356594683319,2,1,2:2:1,5,exploration-p300_1500_u180-140,4,0,0
55617,55618,2101.0,6223.0,40.002,144.04,711.7,705.0,4.0585,34.102,60.6,39.79,100.37,4.0585,34.102,711.7,2,1,100.37,60.6,-0.7477168377574963,-0.5594166529441835,pool,0,0,0,0,2101.0,6223.0,705.0,40.002,144.04,2101:6223,2,6.567656474305226,2,1,2:2:1,4,exploration-p300_1500_u180-141,1,0,0
23479,23480,577.0,745.0,34.949,140.23,804.9,798.0,3.8136,34.337,58.5,39.76,119.19,3.8136,34.337,804.9,2,1,119.19,58.5,-0.7745334617644227,-0.6063257412517528,pool,0,0,0,0,577.0,745.0,798.0,34.949,140.23,577:745,2,6.690718046099688,2,1,2:2:1,5,exploration-p300_1500_u180-142,5,0,1
10283,10284,484.0,11.0,23.0,155.0,806.2,800.0,5.0736,34.163,67.023,37.8,83.931,5.0736,34.163,806.2,3,2,83.931,67.023,-0.6656962777591686,-0.4254241508750385,pool,0,0,0,0,484.0,11.0,800.0,23.0,155.0,484:11,2,6.692331850683066,3,1,2:3:1,3,exploration-p300_1500_u180-144,4,0,1
26955,26956,591.0,1948.0,26.003,165.0,806.4,800.0,4.8168,34.137,73.95,37.62,90.032,4.8168,34.137,806.4,3,2,90.032,73.95,-0.5772397279991784,-0.2946073314354749,pool,0,0,0,0,591.0,1948.0,800.0,26.003,165.0,591:1948,2,6.6925798973171045,3,1,2:3:1,4,exploration-p300_1500_u180-145,3,1,1
40854,40855,2028.0,2740.0,34.926,140.24,707.3,701.0,4.8758,34.293,75.2,37.49,98.7,4.8758,34.293,707.3,3,2,98.7,75.2,-0.5612774518045794,-0.272312644931387,pool,0,0,0,0,2028.0,2740.0,701.0,34.926,140.24,2028:2740,2,6.561454904041944,3,1,2:3:1,3,exploration-p300_1500_u180-146,1,0,0
58772,58773,4080.0,6448.0,35.0058,148.9355,807.4,800.0,4.6632,34.1855,69.12,38.03,96.9408,4.6632,34.1855,807.4,3,2,96.9408,69.12,-0.6389179632151092,-0.3844469857911071,pool,0,0,0,0,4080.0,6448.0,800.0,35.0058,148.9355,4080:6448,2,6.693819208418841,3,1,2:3:1,5,exploration-p300_1500_u180-147,5,0,0
56488,56489,4063.0,5582.0,19.9762,164.9587,607.2,603.0,6.1775,34.1677,70.93,35.65,67.5675,6.1775,34.1677,607.2,3,2,67.5675,70.93,-0.6158045872853297,-0.3500655436310443,pool,0,0,0,0,4063.0,5582.0,603.0,19.9762,164.9587,4063:5582,2,6.408858226081421,3,1,2:3:1,1,exploration-p300_1500_u180-148,4,0,0
33334,33335,1066.0,2968.0,16.998,165.0,1212.0,1201.0,3.5865,34.551,72.62,40.13,116.05,3.5865,34.551,1212.0,3,2,116.05,72.62,-0.5942235898702318,-0.3187465340373657,pool,0,0,0,0,1066.0,2968.0,1201.0,16.998,165.0,1066:2968,2,7.10002716662926,3,2,2:3:2,3,exploration-p300_1500_u180-149,3,0,0
45494,45495,2050.0,4726.0,24.244,140.25,1415.7,1402.0,2.6218,34.507,66.4,40.94,142.27,2.6218,34.507,1415.7,3,2,142.27,66.4,-0.6736518762145567,-0.4378453907200033,pool,0,0,0,0,2050.0,4726.0,1402.0,24.244,140.25,2050:4726,2,7.255379387400452,3,2,2:3:2,1,exploration-p300_1500_u180-150,5,1,1
35224,35225,1076.0,3779.0,15.991,164.99,911.6,904.0,4.7018,34.517,68.56,39.66,92.73,4.7018,34.517,911.6,3,2,92.73,68.56,-0.6460690629502895,-0.3952669048249337,pool,0,0,0,0,1076.0,3779.0,904.0,15.991,164.99,1076:3779,2,6.815201297371529,3,2,2:3:2,4,exploration-p300_1500_u180-151,1,0,1
14582,14583,501.0,26.0,24.0,155.0,1399.0,1385.0,2.7209,34.529,66.2,41.0,138.67,2.7209,34.529,1399.0,2,1,138.67,66.2,-0.6762058404056925,-0.4418576708514032,pool,0,0,0,0,501.0,26.0,1385.0,24.0,155.0,501:26,2,7.243512974665482,3,2,2:3:2,4,exploration-p300_1500_u180-154,1,0,0
43945,43946,2044.0,4394.0,24.237,149.02,1421.2,1407.0,2.8078,34.503,65.7,40.92,138.13,2.8078,34.503,1421.2,2,1,138.13,65.7,-0.6825907508835322,-0.4519416452709414,pool,0,0,0,0,2044.0,4394.0,1407.0,24.237,149.02,2044:4394,2,7.259256864146872,2,2,2:2:2,3,exploration-p300_1500_u180-155,4,0,0
50918,50919,2075.0,5002.0,25.802,149.31,1413.4,1399.0,2.6753,34.502,57.8,41.46,143.49,2.6753,34.502,1413.4,2,1,143.49,57.8,-0.7834723364333982,-0.6223370936481393,pool,0,0,0,0,2075.0,5002.0,1399.0,25.802,149.31,2075:5002,2,7.253753428256754,2,2,2:2:2,4,exploration-p300_1500_u180-156,5,1,1
18583,18584,517.0,74.0,27.009,165.01,808.5,802.0,4.7217,34.139,65.43,38.61,90.243,4.7217,34.139,808.5,2,1,90.243,65.43,-0.6860386025415656,-0.4574189482274023,pool,0,0,0,0,517.0,74.0,802.0,27.009,165.01,517:74,2,6.695180679017161,2,2,2:2:2,1,exploration-p300_1500_u180-157,5,0,1
33277,33278,1066.0,2965.0,19.99,165.03,1013.1,1004.0,3.9622,34.489,63.76,40.21,109.8,3.9622,34.489,1013.1,2,1,109.8,63.76,-0.7073642035375499,-0.4918076840669128,pool,0,0,0,0,1066.0,2965.0,1004.0,19.99,165.03,1066:2965,2,6.920770216059632,2,2,2:2:2,5,exploration-p300_1500_u180-158,1,0,1
21657,21658,563.0,1614.0,20.027,164.95,907.4,900.0,4.3895,34.45,58.41,40.4,102.58,4.3895,34.45,907.4,2,1,102.58,58.41,-0.7756827456504339,-0.6083735782304849,pool,0,0,0,0,563.0,1614.0,900.0,20.027,164.95,563:1614,2,6.810583367229864,2,2,2:2:2,1,exploration-p300_1500_u180-159,3,0,0
11840,11841,495.0,60.0,19.827,149.32,1000.5,992.0,3.9281,34.481,65.11,40.23,110.16,3.9281,34.481,1000.5,2,1,110.16,65.11,-0.690124945247383,-0.4639399104784574,pool,0,0,0,0,495.0,60.0,992.0,19.827,149.32,495:60,2,6.908255154023788,2,2,2:2:2,5,exploration-p300_1500_u180-160,1,0,0
7685,7686,438.0,29.0,24.0,175.0,1200.3,1189.0,3.3524,34.492,54.4,41.1,123.22,3.3524,34.492,1200.3,2,1,123.22,54.4,-0.8268897276827077,-0.7029720755933643,pool,0,0,0,0,438.0,29.0,1189.0,24.0,175.0,438:29,2,7.090326804531299,1,2,2:1:2,3,exploration-p300_1500_u180-161,1,0,0
18567,18568,517.0,73.0,27.985,165.01,878.0,870.0,4.2607,34.196,52.08,40.44,102.52,4.2607,34.196,878.0,2,1,102.52,52.08,-0.8565157122998834,-0.7609407175210483,pool,0,0,0,0,517.0,73.0,870.0,27.985,165.01,517:73,2,6.777646593635117,1,2,2:1:2,3,exploration-p300_1500_u180-162,5,0,0
7742,7743,438.0,43.0,11.0,175.0,1000.5,992.0,4.7129,34.546,54.3,41.2,89.587,4.7129,34.546,1000.5,2,1,89.587,54.3,-0.8281667097782756,-0.7054193069276199,pool,0,0,0,0,438.0,43.0,992.0,11.0,175.0,438:43,2,6.908255154023788,1,2,2:1:2,1,exploration-p300_1500_u180-163,5,0,1
50028,50029,2072.0,4679.0,33.983,148.56,1212.9,1201.0,3.9346,34.269,52.1,40.36,114.99,3.9346,34.269,1212.9,2,1,114.99,52.1,-0.8562603158807698,-0.7604300360577034,pool,0,0,0,0,2072.0,4679.0,1201.0,33.983,148.56,2072:4679,2,7.100769465314835,1,2,2:1:2,5,exploration-p300_1500_u180-164,3,0,0
59190,59191,4081.0,6498.0,35.0312,165.0162,906.7,898.0,4.0868,34.2112,51.55,40.36,108.6327,4.0868,34.2112,906.7,2,1,108.6327,51.55,-0.8632837174063934,-0.7745457193440575,pool,0,0,0,0,4081.0,6498.0,898.0,35.0312,165.0162,4081:6498,2,6.809811634652011,1,2,2:1:2,1,exploration-p300_1500_u180-165,4,0,1
3308,3309,298.0,305.0,24.245,141.56,1099.3,1089.0,3.6563,34.349,54.846,40.451,120.99,3.6563,34.349,1099.3,2,1,120.99,54.846,-0.8211943875364748,-0.692111916850178,pool,0,0,0,0,298.0,305.0,1089.0,24.245,141.56,298:305,2,7.002428892584818,1,2,2:1:2,4,exploration-p300_1500_u180-166,3,1,1
45383,45384,2050.0,4714.0,24.242,147.25,907.9,900.0,4.1359,34.27,49.2,40.45,107.74,4.1359,34.27,907.9,2,1,107.74,49.2,-0.8932927966522396,-0.8366048993399462,pool,0,0,0,0,2050.0,4714.0,900.0,24.242,147.25,2050:4714,1,6.8111342403777115,4,1,1:4:1,4,exploration-p300_1500_u180-168,2,0,1
12862,12863,496.0,9.0,47.0,164.99,404.5,401.0,3.3903,34.014,47.1,42.5,107.77,3.3903,34.014,404.5,2,1,107.77,47.1,-0.920109420659166,-0.8946233743488796,pool,0,0,0,0,496.0,9.0,401.0,47.0,164.99,496:9,1,6.002651736498547,4,1,1:4:1,3,exploration-p300_1500_u180-169,3,1,1
12849,12850,496.0,6.0,47.116,160.18,304.6,302.0,3.2368,33.951,46.6,43.2,105.95,3.2368,33.951,304.6,2,1,105.95,46.6,-0.9264943311370056,-0.90881849152766,pool,0,0,0,0,496.0,6.0,302.0,47.116,160.18,496:6,1,5.718999440461062,4,1,1:4:1,1,exploration-p300_1500_u180-170,5,0,0
18700,18701,517.0,81.0,21.0,164.99,837.2,830.0,4.7813,34.359,48.42,40.26,92.789,4.7813,34.359,837.2,2,1,92.789,48.42,-0.9032532569976696,-0.8578603094133466,pool,0,0,0,0,517.0,81.0,830.0,21.0,164.99,517:81,1,6.730062990571844,4,1,1:4:1,5,exploration-p300_1500_u180-171,1,0,0
40833,40834,1100.0,5514.0,10.018,164.02,302.5,301.0,9.4104,34.571,45.56,33.37,36.5,9.4104,34.571,302.5,2,1,36.5,45.56,-0.939774944930912,-0.9388387035767768,pool,0,0,0,0,1100.0,5514.0,301.0,10.018,164.02,1100:5514,1,5.712081277470896,4,1,1:4:1,4,exploration-p300_1500_u180-173,5,0,0
24899,24900,586.0,1432.0,24.983,164.99,1005.0,996.0,3.6971,34.399,43.0,41.75,119.76,3.6971,34.399,1005.0,1,0,119.76,43.0,-0.9724656865774508,-1.0157566737272077,pool,0,0,0,0,586.0,1432.0,996.0,24.983,164.99,586:1432,1,6.912742820493176,4,2,1:4:2,3,exploration-p300_1500_u180-174,1,0,0
22269,22270,567.0,2046.0,25.994,165.0,1261.1,1249.0,2.9848,34.483,49.5,41.95,135.63,2.9848,34.483,1261.1,2,1,135.63,49.5,-0.8894618503655358,-0.8285193434069539,pool,0,0,0,0,567.0,2046.0,1249.0,25.994,165.0,567:2046,1,7.1397396349618285,4,2,1:4:2,1,exploration-p300_1500_u180-176,3,1,1
54439,54440,2096.0,6053.0,43.01,165.02,1486.5,1469.0,2.2759,34.514,44.9,42.87,160.52,2.2759,34.514,1486.5,2,1,160.52,44.9,-0.9482030267616604,-0.9582475402190184,pool,0,0,0,0,2096.0,6053.0,1469.0,43.01,165.02,2096:6053,1,7.304179642438152,4,2,1:4:2,3,exploration-p300_1500_u180-177,2,0,0
13657,13658,497.0,154.0,24.22,144.83,1199.7,1189.0,3.0902,34.445,47.93,42.03,134.05,3.0902,34.445,1199.7,2,1,134.05,47.93,-0.9095104692659524,-0.8713888999216194,pool,0,0,0,0,497.0,154.0,1189.0,24.22,144.83,497:154,1,7.089826804520882,4,2,1:4:2,3,exploration-p300_1500_u180-178,1,0,1
7673,7674,438.0,27.0,26.0,175.0,1399.9,1386.0,2.6407,34.516,48.2,42.2,144.43,2.6407,34.516,1399.9,2,1,144.43,48.2,-0.9060626176079188,-0.8639173550308548,pool,0,0,0,0,438.0,27.0,1386.0,26.0,175.0,438:27,1,7.24415608448078,4,2,1:4:2,5,exploration-p300_1500_u180-179,5,0,1
14030,14031,498.0,15.0,41.0,160.0,1203.1,1190.0,2.6239,34.45,37.8,42.8,149.18,2.6239,34.45,1203.1,1,0,149.18,37.8,-1.0388687555469829,-1.1871907247817588,pool,0,0,0,0,498.0,15.0,1190.0,41.0,160.0,498:15,1,7.0926568380394786,2,2,1:2:2,1,exploration-p300_1500_u180-181,2,0,1
7332,7333,437.0,8.0,45.996,165.0,1401.3,1385.0,2.3469,34.486,31.3,43.806,165.64,2.3469,34.486,1401.3,1,0,165.64,31.3,-1.121872591758898,-1.438162942536391,pool,0,0,0,0,437.0,8.0,1385.0,45.996,165.0,437:8,1,7.245155656176172,2,2,1:2:2,4,exploration-p300_1500_u180-182,2,1,1
55884,55885,2101.0,6238.0,39.986,162.32,1217.8,1205.0,2.761,34.431,34.6,43.19,145.92,2.761,34.431,1217.8,1,0,145.92,34.6,-1.0797321826051565,-1.3048426131772015,pool,0,0,0,0,2101.0,6238.0,1205.0,39.986,162.32,2101:6238,1,7.1048012311744735,2,2,1:2:2,3,exploration-p300_1500_u180-183,1,0,1
30487,30488,1035.0,60.0,30.0,170.07,1042.1,1032.0,3.5641,34.32,31.7,42.44,123.05,3.5641,34.32,1042.1,1,0,123.05,31.7,-1.1167646633766262,-1.421272939639225,pool,0,0,0,0,1035.0,60.0,1032.0,30.0,170.07,1035:60,1,6.948993186998382,2,2,1:2:2,5,exploration-p300_1500_u180-184,5,0,0
59655,59656,4082.0,6528.0,40.0105,157.0107,1143.6,1132.0,2.7369,34.4037,31.9,43.13,148.698,2.7369,34.4037,1143.6,1,0,148.698,31.9,-1.1142106991854903,-1.4129076928514663,pool,0,0,0,0,4082.0,6528.0,1132.0,40.0105,157.0107,4082:6528,1,7.041936460448157,2,2,1:2:2,1,exploration-p300_1500_u180-185,5,0,0
30450,30451,1035.0,57.0,30.0,168.07,1041.2,1032.0,3.5813,34.293,36.9,41.91,121.99,3.5813,34.293,1041.2,1,0,121.99,36.9,-1.0503615944070943,-1.2192421517149474,pool,0,0,0,0,1035.0,57.0,1032.0,30.0,168.07,1035:57,1,6.94812917312041,2,2,1:2:2,4,exploration-p300_1500_u180-186,4,0,0
46617,46618,2057.0,5012.0,16.008,149.33,453.1,450.0,7.6714,34.179,97.6,30.3,48.61,7.6714,34.179,453.1,3,2,48.61,97.6,-0.2752334623973645,0.074471497162362,pool,0,0,0,0,2057.0,5012.0,450.0,16.008,149.33,2057:5012,2,6.116112851673092,4,1,2:4:1,1,exploration-p300_1500_u180-188,2,0,1
60668,60669,4084.0,6626.0,24.262,141.1943,806.8,800.0,5.3267,34.1754,80.28,36.12,83.2986,5.3267,34.1754,806.8,3,2,83.2986,80.28,-0.4964067613497289,-0.1853669189100808,pool,0,0,0,0,4084.0,6626.0,800.0,24.262,141.1943,4084:6626,2,6.693075806080056,4,1,2:4:1,5,exploration-p300_1500_u180-189,4,0,0
58437,58438,4079.0,6423.0,28.0065,146.9798,806.9,800.0,5.7235,34.1176,95.73,34.05,75.0321,5.7235,34.1176,806.9,3,2,75.0321,95.73,-0.2991130275844846,0.0487402790322875,pool,0,0,0,0,4079.0,6423.0,800.0,28.0065,146.9798,4079:6423,2,6.693199744854461,4,1,2:4:1,5,exploration-p300_1500_u180-190,1,0,1
59767,59768,4082.0,6535.0,39.9898,161.015,472.7,469.0,4.4046,33.9789,88.85,36.94,86.3775,4.4046,33.9789,472.7,3,2,86.3775,88.85,-0.3869693957595579,-0.0504592227966951,pool,0,0,0,0,4082.0,6535.0,469.0,39.9898,161.015,4082:6535,2,6.158460937799191,4,1,2:4:1,3,exploration-p300_1500_u180-191,4,0,0
2211,2212,296.0,64.0,26.018,165.06,790.0,783.37,5.0218,34.103,85.1,33.69,79.096,5.0218,34.103,790.0,3,2,79.096,85.1,-0.4348562243433551,-0.107815185416079,pool,0,0,0,0,296.0,64.0,783.37,26.018,165.06,296:64,2,6.672032945461067,4,1,2:4:1,5,exploration-p300_1500_u180-192,3,0,0
61414,61415,4087.0,6761.0,24.2467,147.2462,709.1,703.0,5.7026,34.0736,99.25,34.06,72.2403,5.7026,34.0736,709.1,3,2,72.2403,99.25,-0.2541632578204937,0.0967693550175341,pool,0,0,0,0,4087.0,6761.0,703.0,24.2467,147.2462,4087:6761,2,6.563996560309951,4,1,2:4:1,4,exploration-p300_1500_u180-193,5,1,1
61585,61586,4091.0,6845.0,40.0128,143.0048,1215.3,1202.0,2.5711,34.466,39.96,42.6,153.3114,2.5711,34.466,1215.3,1,0,153.3114,39.96,-1.0112859422827158,-1.113278940917199,pool,0,0,0,0,4091.0,6845.0,1202.0,40.0128,143.0048,4091:6845,1,7.102746238876755,3,2,1:3:2,4,exploration-p300_1500_u180-196,4,0,1
26610,26611,589.0,1827.0,27.991,146.99,1263.8,1252.0,3.1117,34.411,40.4,41.75,136.58,3.1117,34.411,1263.8,1,0,136.58,40.4,-1.005667221062217,-1.0987135704691553,pool,0,0,0,0,589.0,1827.0,1252.0,27.991,146.99,589:1827,1,7.141878334339355,3,2,1:3:2,1,exploration-p300_1500_u180-197,4,0,0
15024,15025,502.0,13.0,41.357,146.69,1201.4,1189.0,2.4345,34.473,42.31,42.8,155.17,2.4345,34.473,1201.4,1,0,155.17,42.31,-0.9812768630368696,-1.037272749525112,pool,0,0,0,0,502.0,13.0,1189.0,41.357,146.69,502:13,1,7.091242822416061,3,2,1:3:2,5,exploration-p300_1500_u180-198,5,0,1
58600,58601,4080.0,6438.0,31.0112,143.9827,1417.5,1403.0,2.7394,34.4557,38.93,42.74,147.4407,2.7394,34.4557,1417.5,1,0,147.4407,38.93,-1.0244388578670656,-1.1480121086647286,pool,0,0,0,0,4080.0,6438.0,1403.0,31.0112,143.9827,4080:6438,1,7.256650035601907,3,2,1:3:2,5,exploration-p300_1500_u180-199,2,0,0
12672,12673,495.0,134.0,41.016,144.7,1200.9,1188.0,2.6316,34.456,40.26,42.7,149.1,2.6316,34.456,1200.9,1,0,149.1,40.26,-1.007454995996012,-1.1033307280858955,pool,0,0,0,0,495.0,134.0,1188.0,41.016,144.7,495:134,1,7.090826554666638,3,2,1:3:2,1,exploration-p300_1500_u180-200,3,1,1
