"parameter","block","rhat","ess_bulk","ess_tail","rep","scenario","n_calib"
"A[1,1]","loading",1.49313419962647,4.72865557965876,18.1622655036444,1,"primary",6
"A[2,1]","loading",1.04181321271124,31.8672024977515,68.3774057268034,1,"primary",6
"A[2,2]","loading",1.11047589220878,13.6680886081936,41.9091081954744,1,"primary",6
"A[3,1]","loading",1.07930609790418,17.8303089714646,47.6643598615917,1,"primary",6
"A[3,2]","loading",1.45994407287338,4.6976103553994,49.4618272841051,1,"primary",6
"tau[1,1]","cutpoint",1.71437638736805,3.89758725001171,39.52,1,"primary",6
"tau[1,2]","cutpoint",1.27141378209078,6.38057678590115,13.9500734214391,1,"primary",6
"tau[1,3]","cutpoint",1.31862127121429,5.999336004483,41.9091081954744,1,"primary",6
"tau[2,1]","cutpoint",1.13276889378459,16.6031606054894,42.1987784564131,1,"primary",6
"tau[2,2]","cutpoint",1.68396539882267,3.91773408950576,23.8169852710749,1,"primary",6
"tau[2,3]","cutpoint",1.51572413235943,4.43607416608476,13.9500734214391,1,"primary",6
"tau[3,1]","cutpoint",1.66750189658997,4.07277389577443,22.0545560069646,1,"primary",6
"tau[3,2]","cutpoint",1.98906771632659,3.33910023721635,22.0545560069646,1,"primary",6
"tau[3,3]","cutpoint",1.71844381815019,4.07375982902017,29.3392724573125,1,"primary",6
"U[1,1]","latent",1.07123306653677,43.9890736581415,91.4902449149024,1,"primary",6
"U[2,1]","latent",1.02557829430435,57.5403779048161,81.0234541577826,1,"primary",6
"U[3,1]","latent",1.0803999056466,27.4474248059653,39.3171236420073,1,"primary",6
"U[4,1]","latent",1.05136446883969,35.3602669949288,93.4809348093481,1,"primary",6
"U[5,1]","latent",0.985225980108344,90.1611436453218,99.5500882738197,1,"primary",6
"U[6,1]","latent",1.02244778855839,50.6679283410716,59.7047270757145,1,"primary",6
"U[7,1]","latent",1.00690857360981,53.4888626679163,43.7329398745851,1,"primary",6
"U[9,1]","latent",1.04201807401583,60.5532672905776,49.1591203104787,1,"primary",6
"U[10,1]","latent",1.0075236172942,64.5632149500237,60.3612003176905,1,"primary",6
"U[11,1]","latent",1.04038889972615,70.7358665723076,55.8981612446959,1,"primary",6
"U[13,1]","latent",1.04624362676647,67.7734880531829,60.3612003176906,1,"primary",6
"U[14,1]","latent",1.00463423738217,92.883558496519,85.5437016736811,1,"primary",6
"U[15,1]","latent",1.05057255565465,80.2943860884752,59.1960445663585,1,"primary",6
"U[16,1]","latent",0.991671212549674,114.340202691351,93.4809348093481,1,"primary",6
"U[17,1]","latent",0.979680329184013,79.97368785242,83.222243382213,1,"primary",6
"U[18,1]","latent",1.05673094785168,78.3529091966429,60.3612003176905,1,"primary",6
"U[19,1]","latent",1.00072921365069,63.6274454405842,96.4201003916377,1,"primary",6
"U[20,1]","latent",1.00589283529688,76.7635795518344,99.5500882738197,1,"primary",6
"U[21,1]","latent",1.00918334838974,60.040765682984,81.0234541577826,1,"primary",6
"U[22,1]","latent",1.01210001495885,83.9501470128341,96.4201003916377,1,"primary",6
"U[23,1]","latent",1.04112215835624,54.6206070378189,57.4856546687532,1,"primary",6
"U[24,1]","latent",1.00437795528399,73.5990581306561,43.07632170429,1,"primary",6
"U[25,1]","latent",0.982432730920892,95.2732386805802,96.4201003916377,1,"primary",6
"U[26,1]","latent",1.01368302006829,64.5563291214588,60.3612003176905,1,"primary",6
"U[27,1]","latent",1.04857322375079,60.3937591593411,75.6348661633494,1,"primary",6
"U[28,1]","latent",1.03129509926904,45.2850089108008,87.9983890455094,1,"primary",6
"U[29,1]","latent",1.03705025339591,46.6343849785214,52.9285714285714,1,"primary",6
"U[30,1]","latent",1.00470446134339,62.2416663955454,90.7156572733406,1,"primary",6
"U[31,1]","latent",0.984852359494393,138.923149953954,59.1960445663585,1,"primary",6
"U[32,1]","latent",0.992569876153025,67.0862778765516,59.0732436472347,1,"primary",6
"U[33,1]","latent",1.00770509636456,57.6135939364556,76.956942854627,1,"primary",6
"U[34,1]","latent",0.998367457147558,58.102224804437,34.5353917856102,1,"primary",6
"U[35,1]","latent",1.02165756492905,81.4116354090159,59.0732436472347,1,"primary",6
"U[36,1]","latent",0.990122026710351,65.9497390541496,58.0750191036247,1,"primary",6
"U[37,1]","latent",1.03173106447384,61.6602799203669,63.2606199770379,1,"primary",6
"U[38,1]","latent",0.996354984350546,58.9007204552875,60.3612003176905,1,"primary",6
"U[39,1]","latent",1.01941010032347,51.1571686819915,78.9378612716764,1,"primary",6
"U[40,1]","latent",1.02932233760852,62.991178619819,59.7047270757145,1,"primary",6
"U[41,1]","latent",0.995975287213145,83.2509812041824,99.5500882738197,1,"primary",6
"U[42,1]","latent",1.00254979295543,56.1242541655707,59.0732436472347,1,"primary",6
"U[43,1]","latent",0.992836650983671,83.8121530139177,99.5500882738197,1,"primary",6
"U[44,1]","latent",1.00359446678206,49.4467347914458,60.3612003176905,1,"primary",6
"U[45,1]","latent",1.01212858826455,67.7557194772585,59.7047270757145,1,"primary",6
"U[46,1]","latent",1.00807624073383,72.7805948647219,68.8965301656769,1,"primary",6
"U[47,1]","latent",1.02332398150685,72.5856327813726,75.0730115100499,1,"primary",6
"U[48,1]","latent",1.00253523046453,72.0798709028062,73.6754136720708,1,"primary",6
"U[49,1]","latent",1.0477461154356,67.3753356499872,93.4809348093481,1,"primary",6
"U[50,1]","latent",1.03323094537617,79.3899020546388,80.1081081081081,1,"primary",6
"U[51,1]","latent",1.08889724321617,70.9611348643452,47.8450363196125,1,"primary",6
"U[52,1]","latent",0.992015666143632,75.673230019466,61.3927576601671,1,"primary",6
"U[53,1]","latent",1.01507626260801,75.0073769273949,96.4201003916377,1,"primary",6
"U[54,1]","latent",1.05685206616108,81.8785274573665,87.1124173401911,1,"primary",6
"U[55,1]","latent",0.988377807145919,76.1730738206003,99.5500882738197,1,"primary",6
"U[56,1]","latent",0.997466950275353,70.4292024475052,38.0732177263969,1,"primary",6
"U[57,1]","latent",0.99506158923583,74.7172117302063,93.4809348093481,1,"primary",6
"U[58,1]","latent",0.993196617206176,79.7267953814697,93.4809348093481,1,"primary",6
"U[59,1]","latent",0.989448283478121,110.120272851435,99.5500882738197,1,"primary",6
"U[60,1]","latent",0.988278149826939,89.7927962910374,59.1960445663585,1,"primary",6
"U[61,1]","latent",1.02468466790587,65.4399449864935,60.3612003176905,1,"primary",6
"U[62,1]","latent",1.03743016509461,43.8884722793054,60.3612003176905,1,"primary",6
"U[63,1]","latent",1.02331254353253,42.0521652429971,49.4618272841051,1,"primary",6
"U[64,1]","latent",0.989500461421178,92.7988524850622,88.1092797015978,1,"primary",6
"U[65,1]","latent",1.01348386530793,48.4124234545788,38.0732177263969,1,"primary",6
"U[66,1]","latent",1.03840031179644,61.9360861320114,91.4902449149025,1,"primary",6
"U[67,1]","latent",0.986268715398816,89.1526398959948,99.5500882738197,1,"primary",6
"U[68,1]","latent",1.08492509703222,46.6851396155614,97.2424442973748,1,"primary",6
"U[69,1]","latent",1.01492109521219,50.3340138606291,72.1086209716997,1,"primary",6
"U[70,1]","latent",1.05931425806921,63.1957243477524,97.2424442973748,1,"primary",6
"U[71,1]","latent",1.03037648119243,71.3237442182399,65.0713501646542,1,"primary",6
"U[72,1]","latent",0.999410512929831,52.0208072164641,59.0732436472347,1,"primary",6
"U[73,1]","latent",1.01902734811327,65.0827133507203,60.3612003176905,1,"primary",6
"U[74,1]","latent",1.08867053245654,33.3389681820499,69.4145199063232,1,"primary",6
"U[75,1]","latent",1.04790475992227,32.009544486666,87.9983890455095,1,"primary",6
"U[76,1]","latent",1.01781877047679,60.7901047397235,96.4201003916377,1,"primary",6
"U[77,1]","latent",0.994649587470846,72.9823525491507,74.3789209535759,1,"primary",6
"U[78,1]","latent",1.05362641962933,65.7868605149816,59.0732436472347,1,"primary",6
"U[80,1]","latent",1.08487426657068,29.4997693064068,95.0761828388132,1,"primary",6
"U[81,1]","latent",1.00486950410132,46.9999272728427,39.0256747860435,1,"primary",6
"U[82,1]","latent",0.988943094413675,99.0210776879178,60.3612003176905,1,"primary",6
"U[83,1]","latent",1.0071259151202,78.0728886117801,60.3612003176905,1,"primary",6
"U[84,1]","latent",0.983902665228692,79.0481957643286,60.3612003176905,1,"primary",6
"U[85,1]","latent",1.04514599364422,44.9410718880482,97.2424442973748,1,"primary",6
"U[86,1]","latent",1.00412914629471,62.3701883813117,58.0750191036247,1,"primary",6
"U[87,1]","latent",0.994301539343728,78.4619858632923,65.4583582983823,1,"primary",6
"U[88,1]","latent",1.04863906189947,35.4716974780305,22.0545560069646,1,"primary",6
"U[89,1]","latent",0.988670301160635,97.39746400658,83.2222433822128,1,"primary",6
"U[90,1]","latent",0.988404214385109,90.8594436446483,65.0713501646542,1,"primary",6
"U[91,1]","latent",1.03703785443516,56.5969857002094,96.4201003916377,1,"primary",6
"U[92,1]","latent",1.02555503084897,71.9151234453309,93.4809348093481,1,"primary",6
"U[93,1]","latent",1.00805498167594,79.1844246622618,55.8981612446959,1,"primary",6
"U[94,1]","latent",1.04431884951312,88.8176126569892,87.9983890455095,1,"primary",6
"U[96,1]","latent",0.99288999214942,89.6914619739116,87.9983890455095,1,"primary",6
"U[97,1]","latent",0.998507333685336,75.5202483375481,60.3612003176905,1,"primary",6
"U[98,1]","latent",0.995300543877659,83.5281920394136,98.7012987012987,1,"primary",6
"U[99,1]","latent",1.01090915598534,85.7071969991165,59.0732436472347,1,"primary",6
"U[100,1]","latent",0.98105243170512,128.896813502109,59.1960445663585,1,"primary",6
"U[102,1]","latent",1.00337615609394,66.9578003164293,96.4201003916377,1,"primary",6
"U[103,1]","latent",0.988715748017442,100.457323482803,83.2222433822129,1,"primary",6
"U[105,1]","latent",1.02251700334075,58.5155705430427,59.7580645161291,1,"primary",6
"U[106,1]","latent",1.1039894810167,72.373779397496,38.0732177263969,1,"primary",6
"U[107,1]","latent",1.00454096019691,74.0418448462462,95.0761828388132,1,"primary",6
"U[108,1]","latent",1.04701934572306,43.6201943155709,37.4753451676528,1,"primary",6
"U[109,1]","latent",1.01404209898324,77.6862105178969,33.129904097646,1,"primary",6
"U[110,1]","latent",1.05141140704739,60.375548271866,59.7047270757145,1,"primary",6
"U[111,1]","latent",0.994564482919162,125.238659679827,54.3660582141095,1,"primary",6
"U[112,1]","latent",1.00175725831881,74.0437429446248,71.568948575172,1,"primary",6
"U[113,1]","latent",0.999481920392672,74.8708121461255,83.222243382213,1,"primary",6
"U[114,1]","latent",0.988377520482419,152.247198959355,59.0732436472347,1,"primary",6
"U[115,1]","latent",1.0106383778343,84.0933157400785,99.5500882738197,1,"primary",6
"U[116,1]","latent",1.00265412133834,81.7381839254966,65.0713501646543,1,"primary",6
"U[117,1]","latent",1.00755903195567,49.5589547555826,60.3612003176905,1,"primary",6
"U[118,1]","latent",1.02167881303912,108.85637031498,38.356518925914,1,"primary",6
"U[119,1]","latent",1.04557735816688,57.6856922927233,60.3612003176905,1,"primary",6
"U[120,1]","latent",1.07448885354898,29.3445302837828,96.4201003916377,1,"primary",6
"U[1,2]","latent",0.995519144901798,77.0071948916402,93.4809348093481,1,"primary",6
"U[2,2]","latent",1.00133132834138,89.4955337386494,43.1284103310295,1,"primary",6
"U[3,2]","latent",1.0615207787702,22.9058352112472,97.2424442973748,1,"primary",6
"U[4,2]","latent",1.04798420263308,50.9033472239632,25.5548083389375,1,"primary",6
"U[5,2]","latent",0.993180578260039,81.6147857326723,58.0750191036247,1,"primary",6
"U[6,2]","latent",1.03744702549066,60.9385823305948,96.4201003916377,1,"primary",6
"U[7,2]","latent",0.996474024887884,56.797559029403,59.0732436472347,1,"primary",6
"U[9,2]","latent",1.00120747051116,82.4181356807394,60.3612003176905,1,"primary",6
"U[10,2]","latent",0.993417098268979,81.2258284901142,93.4809348093481,1,"primary",6
"U[11,2]","latent",1.0346193658466,42.404482581461,59.7047270757145,1,"primary",6
"U[13,2]","latent",1.00086683449614,66.9498049133808,97.2424442973748,1,"primary",6
"U[14,2]","latent",1.01009751520813,79.5655650854198,87.112417340191,1,"primary",6
"U[15,2]","latent",1.01631165361507,102.483719251778,83.8341574743248,1,"primary",6
"U[16,2]","latent",1.01379797290671,121.9411725662,93.4809348093481,1,"primary",6
"U[17,2]","latent",1.0373088154904,101.770783639406,95.5974842767295,1,"primary",6
"U[18,2]","latent",1.05786689320798,29.6389156668455,60.3612003176905,1,"primary",6
"U[19,2]","latent",1.02474917420802,105.68128662356,65.0713501646542,1,"primary",6
"U[20,2]","latent",1.00648881343619,54.7755058424371,96.4201003916377,1,"primary",6
"U[21,2]","latent",1.01791526280315,50.6029219316321,95.0761828388132,1,"primary",6
"U[22,2]","latent",0.987355166583976,94.8501271158936,71.568948575172,1,"primary",6
"U[23,2]","latent",1.03483196038779,51.8389141697615,74.3789209535759,1,"primary",6
"U[24,2]","latent",1.01712944318143,73.573514259525,60.9249743062693,1,"primary",6
"U[25,2]","latent",0.992864254345061,84.7753770591481,96.4201003916377,1,"primary",6
"U[26,2]","latent",1.0178808387862,68.008950743223,59.0732436472347,1,"primary",6
"U[27,2]","latent",1.00305774895839,67.7292184566336,59.7047270757145,1,"primary",6
"U[28,2]","latent",0.999200833424477,142.318432790951,95.0761828388132,1,"primary",6
"U[29,2]","latent",1.03239178189932,45.0352953295893,87.9983890455095,1,"primary",6
"U[30,2]","latent",1.05161880340895,31.4608182985293,87.112417340191,1,"primary",6
"U[31,2]","latent",1.00040855920568,76.2459009262707,99.5500882738197,1,"primary",6
"U[32,2]","latent",1.05282174805164,39.9354157226573,78.9378612716763,1,"primary",6
"U[33,2]","latent",0.987032279006013,152.247198959355,98.7012987012987,1,"primary",6
"U[34,2]","latent",0.993253382524249,60.5315765243704,58.0750191036247,1,"primary",6
"U[35,2]","latent",1.05676747356155,42.4290873375332,57.9755501222494,1,"primary",6
"U[36,2]","latent",1.09075932408028,21.7105670608585,50.2978160158835,1,"primary",6
"U[37,2]","latent",1.0258710478529,55.2580882181634,39.52,1,"primary",6
"U[38,2]","latent",1.01691438393413,118.444905183341,87.112417340191,1,"primary",6
"U[39,2]","latent",1.00620730927747,91.1098527549989,87.9983890455095,1,"primary",6
"U[40,2]","latent",0.998240719497712,134.740266594139,93.4809348093481,1,"primary",6
"U[41,2]","latent",0.987881699136893,84.0060355265885,59.1960445663585,1,"primary",6
"U[42,2]","latent",1.01066808152714,62.8601555215455,55.8981612446959,1,"primary",6
"U[43,2]","latent",1.04421349952218,41.9237532022603,95.0761828388132,1,"primary",6
"U[44,2]","latent",0.991583126138672,79.7314205749907,60.3612003176906,1,"primary",6
"U[45,2]","latent",1.04450992139295,93.3319358789913,93.4809348093481,1,"primary",6
"U[46,2]","latent",1.00867233233451,70.4456911144052,96.4201003916377,1,"primary",6
"U[47,2]","latent",1.01625693633656,116.077101176629,81.0234541577826,1,"primary",6
"U[48,2]","latent",1.002074560234,67.1511504864159,76.9569428546272,1,"primary",6
"U[49,2]","latent",1.02350180893262,57.4611442535783,87.1124173401911,1,"primary",6
"U[50,2]","latent",0.999494300978234,88.1346410515572,75.0730115100499,1,"primary",6
"U[51,2]","latent",1.03313017133341,67.1382000655509,59.0732436472347,1,"primary",6
"U[52,2]","latent",1.01967765996563,69.3265791009088,81.0234541577825,1,"primary",6
"U[53,2]","latent",1.06945858691689,27.1205115615682,74.3789209535759,1,"primary",6
"U[54,2]","latent",1.01283522326842,84.9232985314108,91.4902449149025,1,"primary",6
"U[55,2]","latent",1.01342033902164,94.2378944528493,99.5500882738197,1,"primary",6
"U[56,2]","latent",1.01492838801177,89.7938014569555,65.0713501646542,1,"primary",6
"U[57,2]","latent",0.994709136776071,70.7756667428733,98.7012987012987,1,"primary",6
"U[58,2]","latent",1.03587934072532,70.5548691485778,59.7047270757145,1,"primary",6
"U[59,2]","latent",1.01223622056966,63.1596419741476,49.1799620662725,1,"primary",6
"U[60,2]","latent",1.03606058862726,42.4072006647669,57.9755501222494,1,"primary",6
"U[61,2]","latent",1.03066747739364,49.4248365471952,95.0761828388132,1,"primary",6
"U[62,2]","latent",1.02314369702947,71.214414584598,98.7012987012987,1,"primary",6
"U[63,2]","latent",0.980598619903301,79.1011204938334,79.5237236153708,1,"primary",6
"U[64,2]","latent",0.998032995273558,105.705810972182,74.3789209535759,1,"primary",6
"U[65,2]","latent",1.03530415560057,58.5808368119895,29.2532717474981,1,"primary",6
"U[66,2]","latent",1.03003804195818,48.7074985274148,43.9762611275964,1,"primary",6
"U[67,2]","latent",1.00267535253431,64.2843209478539,91.4902449149025,1,"primary",6
"U[68,2]","latent",1.00156231166043,74.344670274844,59.7047270757145,1,"primary",6
"U[69,2]","latent",0.985023796709353,96.8393252975223,75.6348661633493,1,"primary",6
"U[70,2]","latent",1.00205779887598,81.476746461265,87.112417340191,1,"primary",6
"U[71,2]","latent",1.03200456325151,63.186699176092,85.5437016736811,1,"primary",6
"U[72,2]","latent",1.00052196334217,90.0096449766656,71.568948575172,1,"primary",6
"U[73,2]","latent",1.03340533226113,68.1077612016135,98.7012987012987,1,"primary",6
"U[74,2]","latent",0.984922854080969,120.706933257536,96.4201003916377,1,"primary",6
"U[75,2]","latent",1.04457226033221,34.9968594389204,97.2424442973748,1,"primary",6
"U[76,2]","latent",1.03958184028399,51.81567774938,59.0732436472347,1,"primary",6
"U[77,2]","latent",1.04737389988972,51.5824958426094,65.0713501646542,1,"primary",6
"U[78,2]","latent",0.99503434488428,79.3794910458435,93.4809348093481,1,"primary",6
"U[80,2]","latent",1.01817731628192,72.5464602736737,95.0761828388132,1,"primary",6
"U[81,2]","latent",0.995172680795738,74.763853728859,59.1960445663585,1,"primary",6
"U[82,2]","latent",0.998308225659368,135.840155821417,99.5500882738197,1,"primary",6
"U[83,2]","latent",0.999207458460075,76.9643907441993,71.568948575172,1,"primary",6
"U[84,2]","latent",1.0223501901137,64.6787876572164,58.0750191036247,1,"primary",6
"U[85,2]","latent",1.03652913337883,36.8798103248688,75.6348661633493,1,"primary",6
"U[86,2]","latent",1.01201753430658,83.6361033363907,96.4201003916377,1,"primary",6
"U[87,2]","latent",1.01174254929875,100.666562857041,81.0234541577825,1,"primary",6
"U[88,2]","latent",1.08329573173505,19.4330117739759,69.4145199063232,1,"primary",6
"U[89,2]","latent",1.04663350800896,61.0773908452024,75.0730115100498,1,"primary",6
"U[90,2]","latent",0.986219951557629,143.683694874485,93.4809348093481,1,"primary",6
"U[91,2]","latent",1.00979401788116,75.8318593973196,59.0732436472347,1,"primary",6
"U[92,2]","latent",1.00581423583449,78.4806178364445,87.112417340191,1,"primary",6
"U[93,2]","latent",1.01522608657367,59.8239501224398,83.2222433822129,1,"primary",6
"U[94,2]","latent",1.04780673446088,101.321251917189,99.5500882738197,1,"primary",6
"U[96,2]","latent",1.01427970971841,65.8334725174042,68.8965301656768,1,"primary",6
"U[97,2]","latent",1.00354421393241,60.2965926464159,51.8181818181818,1,"primary",6
"U[98,2]","latent",1.00417208053957,57.8311793635899,75.0730115100498,1,"primary",6
"U[99,2]","latent",1.04158145542081,45.6636620181756,87.9983890455095,1,"primary",6
"U[100,2]","latent",0.999635882907888,57.6444059780359,60.3612003176905,1,"primary",6
"U[102,2]","latent",0.994921951214688,107.289721142302,78.9378612716763,1,"primary",6
"U[103,2]","latent",0.994614086510281,74.7714912004163,75.6348661633493,1,"primary",6
"U[105,2]","latent",1.02349283419795,117.978943805463,99.5500882738197,1,"primary",6
"U[106,2]","latent",0.997511728029922,89.800591293074,96.4201003916377,1,"primary",6
"U[107,2]","latent",1.03523800252023,78.3912723340876,76.956942854627,1,"primary",6
"U[108,2]","latent",1.09474020470027,17.7298871677993,97.2424442973748,1,"primary",6
"U[109,2]","latent",1.0232394543983,54.5543422388883,99.5500882738197,1,"primary",6
"U[110,2]","latent",1.00861870043485,85.2167506998543,93.4809348093481,1,"primary",6
"U[111,2]","latent",0.997130531835284,68.0366958171129,96.4201003916377,1,"primary",6
"U[112,2]","latent",1.0050422605426,68.5034396153968,102.013422818792,1,"primary",6
"U[113,2]","latent",1.07358996292134,57.7125908633467,22.5051821143026,1,"primary",6
"U[114,2]","latent",0.990927980501278,152.247198959355,68.8102147417295,1,"primary",6
"U[115,2]","latent",1.04348761350097,48.734765582234,52.5764966740576,1,"primary",6
"U[116,2]","latent",1.03763541285851,110.198492909906,78.9378612716763,1,"primary",6
"U[117,2]","latent",1.0039647463505,72.7959985418261,52.519957107113,1,"primary",6
"U[118,2]","latent",1.00365022298289,152.247198959355,99.5500882738197,1,"primary",6
"U[119,2]","latent",1.01160403424739,63.8333799128671,59.0732436472347,1,"primary",6
"U[120,2]","latent",1.00167510582015,88.2347599365029,99.5500882738197,1,"primary",6
