"source_row","record_key","cruise","station","survey","date","event","depth_id","bottle","depth_m","longitude","latitude","NO3_NO2_uM","H2PO4_uM","SiO2_uM","x_temperature","x_salinity","consensus_outlier","c","c0","y","u_raw_std","u_log_std","split","calib_10","calib_25","calib_50","calib_10_random_existing","sample_row_id"
1095,"ECOHAB_1|1472","ECOHAB_1","LP04","Survey_3",20030618,"CTD185",1472,6,10,-125.06,47.66,0.1,0.23,2.2,12.53,31.59,FALSE,1,0,0.1,-1.31640444852733,-1.80582521130132,"train",1,1,1,1,1
2656,"ECOHAB_3|3353","ECOHAB_3","GH04","Survey_1",20040910,"CTD014",3353,7,5,-124.63,46.98,0.7,0.18,16.5,16.7,31.45,FALSE,1,0,0.7,-1.39514339810862,-2.14346383843625,"train",0,1,1,0,2
2847,"ECOHAB_3|3480","ECOHAB_3","OZ04","Survey_1",20040912,"CTD045",3480,7,10,-125.1,47.89,0.7,0.24,9.6,13.2,32.2,FALSE,1,0,0.7,-1.30065665861107,-1.74720239110334,"train",0,0,1,0,3
4615,"ECOHAB_4|6163","ECOHAB_4","OZ06","Survey_2",20050720,"CTD127",6163,10,5,-125.35,47.78,0.4,0.14,6.4,15.01,31.49,FALSE,1,0,0.4,-1.45813455777364,-2.4896314610396,"train",0,0,0,0,4
5640,"ECOHAB_5|7251","ECOHAB_5","DA26",NA,20050913,"CTD084",7251,4,0,-124.13,46.58,0.5,0.28,16,13.61,32.29,FALSE,1,0,0.5,-1.23766549894604,-1.53487087188453,"train",0,0,0,0,5
5771,"ECOHAB_5|7331","ECOHAB_5","CB02","Survey_2",20050915,"CTD111",7331,16,0,-124.47,47.27,0.9,0.19,12.1,13.21,32.69,FALSE,1,0,0.9,-1.37939560819236,-2.06899011412234,"train",0,0,0,0,6
273,"ECOHAB_1|393","ECOHAB_1","LA06","Survey_1",20030606,"CTD051",393,10,0,-125.29,48.21,1.5,0.3,6.1,12.9,31.17,FALSE,2,1,1.5,-1.20616991911353,-1.43983813356311,"train",0,1,1,0,7
1413,"ECOHAB_2|1930","ECOHAB_2","CB02","Survey_1",20030901,"CTD004",1930,5,5,-124.47,47.27,2.3,0.35,11.5,11,32.96,FALSE,2,1,2.3,-1.12743096953224,-1.2275066143443,"train",0,0,1,0,8
2078,"ECOHAB_2|2449","ECOHAB_2","CF01","Survey_2",20030911,"CTD132",2449,3,10,-124.74,48.28,2.7,0.39,18.7,12.4,32.43,FALSE,2,1,2.7,-1.06443980986721,-1.07845015314334,"train",0,0,0,0,9
2245,"ECOHAB_2|2575","ECOHAB_2","KB06","Survey_3",20030913,"CTD163",2575,7,10,-125.21,47.33,0.1,0.36,3.7,15.6,31.97,FALSE,2,1,0.1,-1.11168317961599,-1.18870324928118,"train",1,1,1,1,10
2305,"ECOHAB_2|2622","ECOHAB_2","DE01","Survey_3",20030914,"CTD176",2622,8,0,-125.07,47.28,0.8,0.39,5.9,15,31.94,FALSE,2,1,0.8,-1.06443980986721,-1.07845015314334,"train",0,0,0,0,11
2319,"ECOHAB_2|2633","ECOHAB_2","DE04","Survey_3",20030915,"CTD179",2633,7,5,-125.13,47.16,0.7,0.41,4.9,14.7,31.98,FALSE,2,1,0.7,-1.0329442300347,-1.00956438118768,"train",0,0,0,0,12
2329,"ECOHAB_2|2641","ECOHAB_2","GH06","Survey_3",20030915,"CTD181",2641,9,0,-124.92,46.91,1.9,0.4,16.4,14.3,32.01,FALSE,2,1,1.9,-1.04869201995096,-1.04357668623019,"train",0,0,0,0,13
2734,"ECOHAB_3|3408","ECOHAB_3","KB04","Survey_1",20040911,"CTD028",3408,12,0,-124.92,47.43,0.2,0.31,5.6,16.83,32.05,FALSE,2,1,0.2,-1.19042212919727,-1.39467250145092,"train",0,1,1,0,14
2762,"ECOHAB_3|3425","ECOHAB_3","LP01","Survey_1",20040911,"CTD032",3425,6,5,-124.68,47.83,3.4,0.44,18.5,13.34,32.27,FALSE,2,1,3.4,-0.985700860285928,-0.912293740883808,"train",1,1,1,1,15
2777,"ECOHAB_3|3435","ECOHAB_3","LP04","Survey_1",20040911,"CTD035",3435,9,0,-125.06,47.65,1.1,0.34,7.3,15.46,32.08,FALSE,2,1,1.1,-1.1431787594485,-1.26743486992907,"train",0,0,0,0,16
2818,"ECOHAB_3|3462","ECOHAB_3","OZ08","Survey_1",20040912,"CTD041",3462,12,0,-125.59,47.66,0.9,0.29,6.6,15.96,32.05,FALSE,2,1,0.9,-1.22191770902979,-1.48653509253364,"train",0,0,1,0,17
2915,"ECOHAB_3|3528","ECOHAB_3","CF08","Survey_1",20040913,"CTD058",3528,8,10,-125.67,47.82,1.4,0.31,7.9,15.75,32.05,FALSE,2,1,1.4,-1.19042212919727,-1.39467250145092,"train",0,0,0,0,18
2963,"ECOHAB_3|3570","ECOHAB_3","LA08","Survey_1",20040914,"CTD067",3570,8,5,-125.51,48.1,3.4,0.43,13.3,14.78,32.08,FALSE,2,1,3.4,-1.00144865020219,-0.943960155435005,"train",0,0,1,0,19
2974,"ECOHAB_3|3578","ECOHAB_3","LA10","Survey_1",20040914,"CTD069",3578,9,5,-125.72,47.98,2.4,0.41,11.6,14.61,32.05,FALSE,2,1,2.4,-1.0329442300347,-1.00956438118768,"train",0,0,1,0,20
3091,"ECOHAB_3|3661","ECOHAB_3","LB13","Survey_1",20040915,"CTD090",3661,10,0,-125.88,48.2,0.5,0.34,7,15.33,32.11,FALSE,2,1,0.5,-1.1431787594485,-1.26743486992907,"train",0,0,1,0,21
3453,"ECOHAB_3|3963","ECOHAB_3","DA30",NA,20040921,"CTD147",3963,10,0,-126.02,48.53,1.5,0.33,21.9,13.08,32.35,FALSE,2,1,1.5,-1.15892654936476,-1.30855518821672,"train",0,0,0,0,22
6298,"ECOHAB_5|7612","ECOHAB_5","LD05","Survey_2",20050921,"CTD201",7612,9,0,-126.06,48.83,1.6,0.4,16.2,13.89,31.94,FALSE,2,1,1.6,-1.04869201995096,-1.04357668623019,"train",0,0,0,0,23
6471,"ECOHAB_6|10949","ECOHAB_6","GH08","Survey_1",20060915,"CTD022",10949,10,0,-125.27,46.86,2.31,0.43,20.6,13.68,32.52,FALSE,2,1,2.31,-1.00144865020219,-0.943960155435005,"train",0,1,1,0,24
6720,"ECOHAB_6|11211","ECOHAB_6","CF08","Survey_1",20060918,"CTD069",11211,8,5,-125.67,47.82,0.38,0.43,6.49,14.65,32.26,FALSE,2,1,0.38,-1.00144865020219,-0.943960155435005,"train",0,0,0,0,25
7458,"ECOHAB_6|12008","ECOHAB_6","D3918","Survey_2",20061001,"CTD211",12008,5,5,-124.59,47.04,3.5,0.41,25.3,12.41,32.08,FALSE,2,1,3.5,-1.0329442300347,-1.00956438118768,"train",0,0,0,0,26
700,"ECOHAB_1|978","ECOHAB_1","DB05","Canyon_Survey",20030614,"CTD122",978,7,5,-125.08,48.37,6.7,0.56,15.3,10.98,31.56,FALSE,3,2,6.7,-0.796727381290842,-0.580110282729458,"train",0,0,0,0,27
1423,"ECOHAB_2|1939","ECOHAB_2","CB04","Survey_1",20030901,"CTD006",1939,6,10,-124.72,47.2,8.4,0.65,25.9,12.2,32.51,FALSE,3,2,8.4,-0.654997272044527,-0.374824448270194,"train",0,0,1,0,28
1608,"ECOHAB_2|2069","ECOHAB_2","CF08","Survey_1",20030903,"CTD039",2069,8,5,-125.66,47.82,3.3,0.52,14.2,13.3,31.98,FALSE,3,2,3.3,-0.859718540955871,-0.682188705810421,"train",0,0,0,0,29
1815,"ECOHAB_2|2218","ECOHAB_2","LC09","Survey_1",20030906,"CTD076",2218,8,5,-126.23,48.43,3,0.57,22.8,13.5,32.04,FALSE,3,2,3,-0.780979591374585,-0.555730383145118,"train",1,1,1,1,30
2486,"ECOHAB_2|2725","ECOHAB_2","C01","Final_Survey_Lines",20030917,"CTD214",2725,9,0,-125.34,48.05,6.8,0.67,27.3,13.2,31.98,FALSE,3,2,6.8,-0.623501692212013,-0.333081000197107,"train",0,0,1,0,31
2586,"ECOHAB_3|3302","ECOHAB_3","LP01",NA,20040909,"CTD002",3302,6,0,-124.68,47.83,3.9,0.52,20.4,12.81,32.33,FALSE,3,2,3.9,-0.859718540955871,-0.682188705810421,"train",0,0,0,0,32
2672,"ECOHAB_3|3365","ECOHAB_3","GH01","Survey_1",20040910,"CTD017",3365,4,5,-124.24,47.07,5.6,0.62,32.1,13.29,32.06,FALSE,3,2,5.6,-0.702240641793299,-0.439911912295854,"train",0,0,0,0,33
3260,"ECOHAB_3|3786","ECOHAB_3","DA05",NA,20040917,"CTD117",3786,8,5,-125.15,48.52,7.1,0.63,20.8,12.95,32.17,FALSE,3,2,7.1,-0.686492851877041,-0.417872588240219,"train",0,1,1,0,34
3367,"ECOHAB_3|3881","ECOHAB_3","DA19",NA,20040919,"CTD134",3881,8,0,-125.85,48.67,5.5,0.55,23.6,12.57,32.3,FALSE,3,2,5.5,-0.812475171207099,-0.604929483343581,"train",0,0,0,0,35
3598,"ECOHAB_3|4089","ECOHAB_3","DA39",NA,20040924,"CTD169",4089,6,5,-126.08,48.49,3.5,0.58,21.3,12.89,32.29,FALSE,3,2,3.5,-0.765231801458328,-0.531774503378568,"train",0,0,0,0,36
6301,"ECOHAB_5|7614","ECOHAB_5","LD05","Survey_2",20050921,"CTD201",7614,6,10,-126.06,48.83,3.7,0.54,17.1,13.75,31.95,FALSE,3,2,3.7,-0.828222961123356,-0.630204107459029,"train",0,1,1,0,37
6436,"ECOHAB_6|10915","ECOHAB_6","GH04","Survey_1",20060914,"CTD018",10915,6,5,-124.62,46.98,8.69,0.7,23.8,11.33,33.1,FALSE,3,2,8.69,-0.576258322463241,-0.27274602518923,"train",0,0,1,0,38
7053,"ECOHAB_6|11557","ECOHAB_6","LC09","Survey_1",20060925,"CTD130",11557,7,10,-126.23,48.43,3.92,0.69,12.5,13.36,32.24,FALSE,3,2,3.92,-0.592006112379498,-0.292565480324093,"train",1,1,1,1,39
483,"ECOHAB_1|664","ECOHAB_1","LC01","Survey_1",20030608,"CTD086",664,6,10,-125.46,48.84,9.8,1.04,15.1,10.56,31.43,FALSE,4,3,9.8,-0.0408334653104962,0.272571883344649,"train",0,0,0,0,40
607,"ECOHAB_1|888","ECOHAB_1","DB01",NA,20030612,"CTD112",888,5,10,-125.34,48.33,9.1,0.91,9,9.58,32.15,FALSE,4,3,9.1,-0.24555473422184,0.088641955230543,"train",0,0,0,0,41
1532,"ECOHAB_2|2012","ECOHAB_2","LP04","Survey_1",20030902,"CTD025",2012,6,10,-125.06,47.65,8,0.78,25.2,13.2,32.29,FALSE,4,3,8,-0.450276003133183,-0.123689563988267,"train",0,0,1,0,42
1740,"ECOHAB_2|2163","ECOHAB_2","LAB06","Survey_1",20030905,"CTD063",2163,8,0,-125.47,48.26,9.3,0.88,28.8,13.9,31.63,FALSE,4,3,9.3,-0.292798103970611,0.0424668482712623,"train",0,0,1,0,43
1888,"ECOHAB_2|2284","ECOHAB_2","DD05",NA,20030907,"CTD091",2284,7,0,-125.61,48.03,5.8,0.76,26.9,13.8,31.52,FALSE,4,3,5.8,-0.481771582965698,-0.159468935812202,"train",0,0,1,0,44
1904,"ECOHAB_2|2296","ECOHAB_2","DD06",NA,20030908,"CTD093",2296,6,10,-125.58,48.08,12.6,1.12,29.3,12.5,31.85,FALSE,4,3,12.6,0.0851488540195615,0.374650306425613,"train",0,1,1,0,45
2286,"ECOHAB_2|2609","ECOHAB_2","LP04","Survey_3",20030914,"CTD172",2609,6,10,-125.06,47.66,7.8,0.91,16.9,13.5,31.8,FALSE,4,3,7.8,-0.24555473422184,0.088641955230543,"train",0,0,0,0,46
2386,"ECOHAB_2|2678","ECOHAB_2","LP04","Final_Survey_Lines",20030916,"CTD191",2678,6,10,-125.06,47.65,12.3,1.03,32.8,13.1,31.7,FALSE,4,3,12.3,-0.0565812552267534,0.259263293173365,"train",0,0,0,0,47
2487,"ECOHAB_2|2726","ECOHAB_2","C01","Final_Survey_Lines",20030917,"CTD214",2726,8,5,-125.34,48.05,9.2,0.82,28.7,13,32.01,FALSE,4,3,9.2,-0.387284843468155,-0.0548037920326133,"train",0,0,0,0,48
3295,"ECOHAB_3|3823","ECOHAB_3","DA09",NA,20040918,"CTD122",3823,6,10,-125.32,48.62,10.5,0.88,26.7,12.27,32.31,FALSE,4,3,10.5,-0.292798103970611,0.0424668482712623,"train",0,0,0,0,49
3441,"ECOHAB_3|3951","ECOHAB_3","DA28",NA,20040921,"CTD145",3951,7,10,-126.01,48.52,13,1.11,33.8,11.36,32.49,FALSE,4,3,13,0.0694010641033043,0.362296605975212,"train",0,0,0,0,50
4591,"ECOHAB_4|6139","ECOHAB_4","OZ02","Survey_2",20050719,"CTD123",6139,5,5,-124.86,48.01,10.6,0.83,22.4,12.76,31.94,FALSE,4,3,10.6,-0.371537053551898,-0.0381074861861789,"train",0,0,1,0,51
4592,"ECOHAB_4|6140","ECOHAB_4","OZ02","Survey_2",20050719,"CTD123",6140,4,10,-124.86,48.01,16.3,1.22,25.8,11.25,32.12,FALSE,4,3,16.3,0.242626753182133,0.492450974144812,"train",0,1,1,0,52
5773,"ECOHAB_5|7333","ECOHAB_5","CB02","Survey_2",20050915,"CTD111",7333,4,10,-124.47,47.27,14.8,0.93,24.9,10.74,32.78,FALSE,4,3,14.8,-0.214059154389325,0.1185872295263,"train",0,0,1,0,53
5786,"ECOHAB_5|7340","ECOHAB_5","KB02","Survey_2",20050915,"CTD114",7340,7,0,-124.64,47.53,15.5,1.07,37,12.94,32.49,FALSE,4,3,15.5,0.00640990443827542,0.311743102160042,"train",1,1,1,1,54
5787,"ECOHAB_5|7341","ECOHAB_5","KB02","Survey_2",20050915,"CTD114",7341,6,5,-124.64,47.53,15.2,0.97,35.9,12.35,32.6,FALSE,4,3,15.2,-0.151067994724297,0.176592784032924,"train",0,1,1,0,55
5883,"ECOHAB_5|7390","ECOHAB_5","LP01","Survey_2",20050917,"CTD130",7390,5,0,-124.68,47.82,14,1.04,27.8,11.66,32.72,FALSE,4,3,14,-0.0408334653104962,0.272571883344649,"train",0,0,0,0,56
6597,"ECOHAB_6|11084","ECOHAB_6","LP04","Survey_1",20060917,"CTD047",11084,8,0,-125.06,47.66,9.34,0.91,22.7,11.85,32.2,FALSE,4,3,9.34,-0.24555473422184,0.088641955230543,"train",0,0,0,0,57
6599,"ECOHAB_6|11086","ECOHAB_6","LP04","Survey_1",20060917,"CTD047",11086,6,10,-125.06,47.66,11.5,1.07,20.9,10.14,32.39,FALSE,4,3,11.5,0.00640990443827542,0.311743102160042,"train",0,0,0,0,58
6649,"ECOHAB_6|11136","ECOHAB_6","OZ06","Survey_1",20060917,"CTD055",11136,7,10,-125.35,47.78,6.9,0.85,18.3,12.29,32.18,FALSE,4,3,6.9,-0.340041473719383,-0.00531002323377337,"train",1,1,1,1,59
7168,"ECOHAB_6|11669","ECOHAB_6","D3918","Survey_2",20060927,"CTD154",11669,14,10,-126.13,47.97,7,0.78,16.5,12.64,32.23,FALSE,4,3,7,-0.450276003133183,-0.123689563988267,"train",0,0,0,0,60
7242,"ECOHAB_6|11754","ECOHAB_6","LAB07","Survey_2",20060928,"CTD167",11754,2,10,-125.59,48.2,12.7,1.07,25.3,11.5,32.24,FALSE,4,3,12.7,0.00640990443827542,0.311743102160042,"train",0,0,0,0,61
7465,"ECOHAB_6|12015","ECOHAB_6","D66683","Survey_2",20061001,"CTD212",12015,4,10,-125.02,47.34,8.7,0.82,24.2,12.99,32.2,FALSE,4,3,8.7,-0.387284843468155,-0.0548037920326133,"train",0,1,1,0,62
7541,"ECOHAB_6|12102","ECOHAB_6","D60057","Survey_2",20061002,"CTD228",12102,8,0,-125.39,48,9.8,0.97,22.8,12.37,32.2,FALSE,4,3,9.8,-0.151067994724297,0.176592784032924,"train",0,0,1,0,63
639,"ECOHAB_1|927","ECOHAB_1","DB03",NA,20030613,"CTD116",927,6,10,-125.28,48.35,17.3,1.3,26.9,10.28,31.69,FALSE,5,4,17.3,0.368609072512191,0.579936140884877,"train",0,0,0,0,64
1257,"ECOHAB_1|1738","ECOHAB_1","LB03","Survey_3",20030621,"CTD224",1738,6,5,-125.09,48.62,15.6,1.27,22.7,10.3,31.82,FALSE,5,4,15.6,0.321365702763419,0.547776819415838,"train",0,0,1,0,65
1697,"ECOHAB_2|2130","ECOHAB_2","LA08","Survey_1",20030904,"CTD055",2130,7,5,-125.51,48.1,19.8,1.59,41.7,11.9,31.69,FALSE,5,4,19.8,0.82529498008365,0.85730854926359,"train",0,0,0,0,66
2000,"ECOHAB_2|2386","ECOHAB_2","LAB02","Survey_2",20030909,"CTD117",2386,7,5,-124.96,48.53,18.7,1.58,40.9,12.1,32.13,FALSE,5,4,18.7,0.809547190167393,0.848618120643258,"train",0,1,1,0,67
2275,"ECOHAB_2|2601","ECOHAB_2","LP02","Survey_3",20030914,"CTD170",2601,6,5,-124.81,47.77,14.9,1.24,30.5,11.5,32.4,FALSE,5,4,14.9,0.274122333014648,0.514848676859216,"train",1,1,1,1,68
2428,"ECOHAB_2|3204","ECOHAB_2","C11","Final_Survey_Lines",20030917,"CTD201",3204,7,10,-124.85,48.44,17.7,1.41,37.6,11.5,32.3,FALSE,5,4,17.7,0.54183476159102,0.691818365973378,"train",0,0,0,0,69
4295,"ECOHAB_4|5842","ECOHAB_4","JDFC",NA,20050715,"CTD075",5842,11,0,-124.05,48.29,19.3,1.58,33.8,11.79,31.68,FALSE,5,4,19.3,0.809547190167393,0.848618120643258,"train",0,0,1,0,70
4296,"ECOHAB_4|5843","ECOHAB_4","JDFC",NA,20050715,"CTD075",5843,10,5,-124.05,48.29,20.1,1.58,33.8,11.08,31.79,FALSE,5,4,20.1,0.809547190167393,0.848618120643258,"train",0,0,0,0,71
4673,"ECOHAB_4|6224","ECOHAB_4","CF02","Survey_2",20050720,"CTD138",6224,6,0,-124.87,48.22,21,1.51,32.9,12.79,32.08,FALSE,5,4,21,0.699312660753592,0.786199683915093,"train",0,1,1,0,72
5875,"ECOHAB_5|7385","ECOHAB_5","LP03","Survey_2",20050917,"CTD128",7385,1,10,-124.93,47.71,20.5,1.48,30.7,10.28,32.46,FALSE,5,4,20.5,0.65206929100482,0.758558053308128,"train",0,0,0,0,73
6008,"ECOHAB_5|7458","ECOHAB_5","LA06","Survey_2",20050918,"CTD152",7458,8,0,-125.29,48.21,18.6,1.3,36.5,12,32.67,FALSE,5,4,18.6,0.368609072512191,0.579936140884877,"train",0,0,0,0,74
6075,"ECOHAB_5|7496","ECOHAB_5","LAB03","Survey_2",20050919,"CTD163",7496,7,5,-125.1,48.46,24.6,1.57,43.7,10.64,32.67,FALSE,5,4,24.6,0.793799400251135,0.839872514328797,"train",0,0,0,0,75
6122,"ECOHAB_5|7520","ECOHAB_5","LB08","Survey_2",20050919,"CTD171",7520,6,10,-125.47,48.42,14.6,1.23,35.7,11.01,32.39,FALSE,5,4,14.6,0.25837454309839,0.503695349789541,"train",0,0,1,0,76
6758,"ECOHAB_6|11251","ECOHAB_6","LA06","Survey_1",20060919,"CTD077",11251,6,5,-125.29,48.21,17.9,1.58,42.3,11.79,32.02,FALSE,5,4,17.9,0.809547190167393,0.848618120643258,"train",0,0,0,0,77
6896,"ECOHAB_6|11391","ECOHAB_6","LB08","Survey_1",20060920,"CTD099",11391,7,5,-125.48,48.42,19.2,1.66,43.4,11.57,32.11,FALSE,5,4,19.2,0.93552950949745,0.916653102968892,"train",0,0,1,0,78
297,"ECOHAB_1|418","ECOHAB_1","LA02","Survey_1",20030606,"CTD055",418,8,5,-124.86,48.44,26.6,2.02,41.5,9.47,31.91,FALSE,6,5,26.6,1.50244994648271,1.18701461760046,"train",0,1,1,0,79
322,"ECOHAB_1|461","ECOHAB_1","LAB02","Survey_1",20030607,"CTD058",461,7,0,-124.97,48.53,24.6,1.83,39.4,10.27,31.61,FALSE,6,5,24.6,1.20324193807382,1.05095011596697,"train",0,0,0,0,80
964,"ECOHAB_1|1302","ECOHAB_1","JDF01",NA,20030616,"CTD162",1302,8,5,-124.38,48.39,21.5,1.76,33.9,9.88,31.28,FALSE,6,5,21.5,1.09300740866002,0.997227437426333,"train",0,0,0,0,81
1037,"ECOHAB_1|1394","ECOHAB_1","CB01","Survey_3",20030617,"CTD175",1394,3,10,-124.37,47.3,21.1,2.19,29.7,10.14,32.07,FALSE,6,5,21.1,1.77016237505908,1.29831638403426,"train",0,0,1,0,82
1247,"ECOHAB_1|1723","ECOHAB_1","LAB01","Survey_3",20030621,"CTD222",1723,4,10,-124.83,48.59,22.6,1.83,32.9,9.46,31.81,FALSE,6,5,22.6,1.20324193807382,1.05095011596697,"train",0,0,1,0,83
1663,"ECOHAB_2|2106","ECOHAB_2","LA02","Survey_1",20030904,"CTD049",2106,8,5,-124.86,48.44,28.7,2.29,51,9.75,32.52,FALSE,6,5,28.7,1.92764027422165,1.35981893768432,"train",0,0,0,0,84
1847,"ECOHAB_2|2239","ECOHAB_2","LBC04","Survey_1",20030906,"CTD081",2239,2,10,-125.63,48.54,28.8,2.27,48.2,9.44,32.53,FALSE,6,5,28.8,1.89614469438914,1.34773615523083,"train",0,1,1,0,85
2276,"ECOHAB_2|2602","ECOHAB_2","LP02","Survey_3",20030914,"CTD170",2602,5,10,-124.81,47.77,26.1,2.07,37.1,9,32.74,FALSE,6,5,26.1,1.581188896064,1.22069425065313,"train",0,0,0,0,86
2420,"ECOHAB_2|2699","ECOHAB_2","C12","Final_Survey_Lines",20030917,"CTD200",2699,7,0,-124.9,48.46,24.8,2,45.1,10.7,32.36,FALSE,6,5,24.8,1.4709543666502,1.17330874962017,"train",0,0,0,0,87
2540,"ECOHAB_2|2754","ECOHAB_2","JDFD","Final_Survey_Lines",20030918,"CTD222",2754,7,5,-123.72,48.23,25.4,2.26,48.6,11.2,31.29,FALSE,6,5,25.4,1.88039690447288,1.34165478390784,"train",0,1,1,0,88
2548,"ECOHAB_2|2757","ECOHAB_2","JDFE","Final_Survey_Lines",20030918,"CTD223",2757,8,5,-123.41,48.23,25.7,2.26,49.1,10.7,31.38,FALSE,6,5,25.7,1.88039690447288,1.34165478390784,"train",0,0,1,0,89
5646,"ECOHAB_5|7255","ECOHAB_5","EH1",NA,20050913,"CTD086",7255,5,5,-124.7,48.49,26.3,1.78,41.3,11.17,31.53,FALSE,6,5,26.3,1.12450298849254,1.01279176536996,"train",0,0,0,0,90
5967,"ECOHAB_5|7439","ECOHAB_5","CF02","Survey_2",20050918,"CTD145",7439,4,10,-124.88,48.21,26.9,1.86,41.7,10.65,32,FALSE,6,5,26.9,1.25048530782259,1.07334781868137,"train",1,1,1,1,91
5997,"ECOHAB_5|7452","ECOHAB_5","LA04","Survey_2",20050918,"CTD150",7452,8,0,-125.07,48.32,25.3,1.8,40.4,10.73,32.68,FALSE,6,5,25.3,1.15599856832505,1.02818218656919,"train",0,0,0,0,92
6211,"ECOHAB_5|7566","ECOHAB_5","LC01","Survey_2",20050920,"CTD186",7566,5,10,-125.46,48.84,24.8,1.83,42.9,11.1,31.61,FALSE,6,5,24.8,1.20324193807382,1.05095011596697,"train",0,0,1,0,93
6325,"ECOHAB_6|10793","ECOHAB_6","PW02","Survey_0",20060912,"CTD002",10793,8,0,-122.48,47.95,17.5,1.94,47,12.97,30.21,FALSE,6,5,17.5,1.37646762715265,1.13135337318799,"train",0,0,0,0,94
6337,"ECOHAB_6|10809","ECOHAB_6","PW03","Survey_0",20060913,"CTD004",10809,7,0,-122.66,48,19.3,2.01,48.4,12.5,30.6,FALSE,6,5,19.3,1.48670215656645,1.18017873078012,"train",0,0,0,0,95
6423,"ECOHAB_6|10896","ECOHAB_6","GH01","Survey_1",20060914,"CTD014",10896,3,10,-124.25,47.07,17.9,1.89,51.8,10.63,33.39,FALSE,6,5,17.9,1.29772867757137,1.09538714273701,"train",0,0,0,0,96
6797,"ECOHAB_6|11292","ECOHAB_6","LAB01","Survey_1",20060919,"CTD083",11292,5,5,-124.83,48.59,26.8,2.28,54.9,10.48,31.96,FALSE,6,5,26.8,1.9118924843054,1.35379079516502,"train",0,0,1,0,97
7017,"ECOHAB_6|11520","ECOHAB_6","LC03","Survey_1",20060925,"CTD124",11520,6,10,-125.57,48.78,20.9,1.88,43.8,10.55,32.4,FALSE,6,5,20.9,1.28198088765511,1.08807981330629,"train",0,0,0,0,98
7040,"ECOHAB_6|11543","ECOHAB_6","LC07","Survey_1",20060925,"CTD128",11543,7,5,-126.01,48.55,21.6,1.76,45.2,10.91,32.56,FALSE,6,5,21.6,1.09300740866002,0.997227437426333,"train",0,0,1,0,99
7041,"ECOHAB_6|11544","ECOHAB_6","LC07","Survey_1",20060925,"CTD128",11544,6,10,-126.01,48.55,22.3,1.84,46.1,10.79,32.62,FALSE,6,5,22.3,1.21898972799008,1.05845655616389,"train",1,1,1,1,100
205,"ECOHAB_1|313","ECOHAB_1","CF04","Survey_1",20030606,"CTD040",313,9,0,-125.13,48.08,1.1,0.25,5.9,13.41,31.19,FALSE,1,0,1.1,-1.28490886869482,-1.69097301784504,"test",0,0,0,0,101
249,"ECOHAB_1|364","ECOHAB_1","LA10","Survey_1",20030606,"CTD047",364,8,10,-125.72,47.98,0.1,0.26,2.9,12.85,31.65,FALSE,1,0,0.1,-1.26916107877856,-1.63694929496549,"test",0,0,0,0,102
523,"ECOHAB_1|722","ECOHAB_1","LC09","Survey_1",20030609,"CTD093",722,10,0,-126.22,48.43,0.8,0.22,3.7,12.52,31.27,FALSE,1,0,0.8,-1.33215223844359,-1.86705433003888,"test",0,0,0,0,103
799,"ECOHAB_1|1062","ECOHAB_1","LA04","Survey_2",20030614,"CTD131",1062,7,5,-125.07,48.32,0.9,0.27,4.9,12.16,31.62,FALSE,1,0,0.9,-1.2534132888623,-1.5849646966141,"test",0,0,0,0,104
925,"ECOHAB_1|1261","ECOHAB_1","LB06","Survey_2",20030616,"CTD156",1261,7,0,-125.26,48.54,2,0.25,9.8,11.05,32.17,FALSE,1,0,2,-1.28490886869482,-1.69097301784504,"test",0,0,0,0,105
996,"ECOHAB_1|1349","ECOHAB_1","CB01","Survey_3",20030617,"CTD167",1349,4,8,-124.37,47.3,0.6,0.22,9.9,12.81,30.42,FALSE,1,0,0.6,-1.33215223844359,-1.86705433003888,"test",0,0,0,0,106
1004,"ECOHAB_1|1362","ECOHAB_1","KB02","Survey_3",20030617,"CTD169",1362,7,0,-124.64,47.53,1.3,0.19,2.6,14.12,29.6,FALSE,1,0,1.3,-1.37939560819236,-2.06899011412234,"test",0,0,0,0,107
1042,"ECOHAB_1|1401","ECOHAB_1","CB02","Survey_3",20030617,"CTD176",1401,5,10,-124.47,47.27,0.1,0.12,1.3,13.14,30.86,FALSE,1,0,0.1,-1.48963013760616,-2.70196298025841,"test",0,0,0,0,108
1142,"ECOHAB_1|1559","ECOHAB_1","DC08","Survey_3",20030619,"CTD198",1559,5,0,-124.49,47.57,1.7,0.16,2.9,13.41,31.62,FALSE,1,0,1.7,-1.42663897794113,-2.30570153292549,"test",0,0,0,0,109
1312,"ECOHAB_1|1814","ECOHAB_1","LB15","Survey_3",20030622,"CTD234",1814,7,10,-126.14,48.07,0.1,0.24,3.7,13.37,31.46,FALSE,1,0,0.1,-1.30065665861107,-1.74720239110334,"test",0,0,0,0,110
2591,"ECOHAB_3|3306","ECOHAB_3","LP02",NA,20040909,"CTD003",3306,8,0,-124.81,47.77,0.2,0.2,12.3,14.51,32.18,FALSE,1,0,0.2,-1.3636478182761,-1.99833727538526,"test",0,0,0,0,111
2643,"ECOHAB_3|3345","ECOHAB_3","GH06","Survey_1",20040910,"CTD012",3345,11,5,-124.92,46.91,0.1,0.13,12,17.32,31.23,FALSE,1,0,0.1,-1.4738823476899,-2.59170988412056,"test",0,0,0,0,112
3496,"ECOHAB_3|4005","ECOHAB_3","DC01",NA,20040922,"CTD153",4005,20,0,-125.01,47.94,0.2,0.12,10.3,14.02,32.07,FALSE,1,0,0.2,-1.48963013760616,-2.70196298025841,"test",0,0,0,0,113
6165,"ECOHAB_5|7542","ECOHAB_5","LBC08","Survey_2",20050920,"CTD178",7542,8,5,-126.13,48.29,0.2,0.22,3.3,16.62,31.93,FALSE,1,0,0.2,-1.33215223844359,-1.86705433003888,"test",0,0,0,0,114
7447,"ECOHAB_6|11999","ECOHAB_6","BC01","Survey_2",20061001,"CTD210",11999,9,0,-124.51,46.81,0.5,0.21,24.9,13.55,31.44,FALSE,1,0,0.5,-1.34790002835984,-1.93113231921744,"test",0,0,0,0,115
7448,"ECOHAB_6|12000","ECOHAB_6","BC01","Survey_2",20061001,"CTD210",12000,8,5,-124.51,46.81,1.7,0.28,24.6,13.56,31.43,FALSE,1,0,1.7,-1.23766549894604,-1.53487087188453,"test",0,0,0,0,116
599,"ECOHAB_1|864","ECOHAB_1","LAB05",NA,20030611,"CTD110",864,6,5,-125.34,48.33,2.3,0.33,4.4,12.17,31.5,FALSE,2,1,2.3,-1.15892654936476,-1.30855518821672,"test",0,0,0,0,117
818,"ECOHAB_1|1093","ECOHAB_1","DB07",NA,20030615,"CTD134",1093,7,10,-124.88,48.45,4.1,0.44,11.1,11.32,31.61,FALSE,2,1,4.1,-0.985700860285928,-0.912293740883808,"test",0,0,0,0,118
824,"ECOHAB_1|1102","ECOHAB_1","C08","Canyon_Survey",20030615,"CTD137",1102,5,5,-124.79,48.36,4.2,0.41,8.9,11.41,31.76,FALSE,2,1,4.2,-1.0329442300347,-1.00956438118768,"test",0,0,0,0,119
907,"ECOHAB_1|1230","ECOHAB_1","DB11",NA,20030616,"CTD152",1230,5,8,-124.99,48.56,3.8,0.43,8.9,11.19,31.65,FALSE,2,1,3.8,-1.00144865020219,-0.943960155435005,"test",0,0,0,0,120
1035,"ECOHAB_1|1396","ECOHAB_1","CB01","Survey_3",20030617,"CTD175",1396,5,0,-124.37,47.3,3.1,0.34,21.3,15.28,26.86,FALSE,2,1,3.1,-1.1431787594485,-1.26743486992907,"test",0,0,0,0,121
1412,"ECOHAB_2|1929","ECOHAB_2","CB02","Survey_1",20030901,"CTD004",1929,6,0,-124.47,47.27,1.5,0.3,10.8,11,32.96,FALSE,2,1,1.5,-1.20616991911353,-1.43983813356311,"test",0,0,0,0,122
1485,"ECOHAB_2|1983","ECOHAB_2","KB06","Survey_1",20030902,"CTD019",1983,10,10,-125.21,47.33,0.3,0.35,12.7,14.3,32.1,FALSE,2,1,0.3,-1.12743096953224,-1.2275066143443,"test",0,0,0,0,123
1581,"ECOHAB_2|2048","ECOHAB_2","OZ06","Survey_1",20030903,"CTD034",2048,8,10,-125.35,47.78,1.2,0.35,26.9,14.4,31.95,FALSE,2,1,1.2,-1.12743096953224,-1.2275066143443,"test",0,0,0,0,124
1591,"ECOHAB_2|2055","ECOHAB_2","OZ08","Survey_1",20030903,"CTD036",2055,9,0,-125.59,47.66,0.3,0.34,5.9,15.2,31.99,FALSE,2,1,0.3,-1.1431787594485,-1.26743486992907,"test",0,0,0,0,125
1592,"ECOHAB_2|2056","ECOHAB_2","OZ08","Survey_1",20030903,"CTD036",2056,8,5,-125.59,47.66,0.3,0.34,6,15.3,31.99,FALSE,2,1,0.3,-1.1431787594485,-1.26743486992907,"test",0,0,0,0,126
1814,"ECOHAB_2|2217","ECOHAB_2","LC09","Survey_1",20030906,"CTD076",2217,9,0,-126.23,48.43,1.6,0.44,22.7,13.5,32.05,FALSE,2,1,1.6,-0.985700860285928,-0.912293740883808,"test",0,0,0,0,127
2125,"ECOHAB_2|2484","ECOHAB_2","LB15","Survey_2",20030911,"CTD141",2484,9,0,-126.14,48.07,1.3,0.44,7.4,15.1,31.88,FALSE,2,1,1.3,-0.985700860285928,-0.912293740883808,"test",0,0,0,0,128
2297,"ECOHAB_2|2615","ECOHAB_2","LP06","Survey_3",20030914,"CTD174",2615,8,5,-125.31,47.54,0.6,0.37,8.7,15.1,31.88,FALSE,2,1,0.6,-1.09593538969973,-1.15096312500201,"test",0,0,0,0,129
2352,"ECOHAB_2|2656","ECOHAB_2","GH02","Survey_3",20030915,"CTD185",2656,6,0,-124.36,47.04,1.9,0.42,28.4,13.7,30.59,FALSE,2,1,1.9,-1.01719644011844,-0.976371730062374,"test",0,0,0,0,130
2362,"ECOHAB_2|2662","ECOHAB_2","DE05",NA,20030915,"CTD187",2662,7,0,-125.22,47.07,0.8,0.43,6.5,14.5,31.98,FALSE,2,1,0.8,-1.00144865020219,-0.943960155435005,"test",0,0,0,0,131
2363,"ECOHAB_2|2663","ECOHAB_2","DE05",NA,20030915,"CTD187",2663,6,5,-125.22,47.07,0.8,0.41,6.5,14.5,31.98,FALSE,2,1,0.8,-1.0329442300347,-1.00956438118768,"test",0,0,0,0,132
2395,"ECOHAB_2|2682","ECOHAB_2","LP06","Final_Survey_Lines",20030916,"CTD193",2682,9,0,-125.31,47.54,0.1,0.38,9,15,31.96,FALSE,2,1,0.1,-1.08018759978347,-1.11422952496727,"test",0,0,0,0,133
2610,"ECOHAB_3|3328","ECOHAB_3","LP06",NA,20040909,"CTD008",3328,10,10,-125.31,47.54,0.4,0.42,6.4,14.49,32.17,FALSE,2,1,0.4,-1.01719644011844,-0.976371730062374,"test",0,0,0,0,134
2756,"ECOHAB_3|3421","ECOHAB_3","KB01","Survey_1",20040911,"CTD031",3421,5,5,-124.5,47.58,3.4,0.35,20.4,14.36,32,FALSE,2,1,3.4,-1.12743096953224,-1.2275066143443,"test",0,0,0,0,135
2761,"ECOHAB_3|4492","ECOHAB_3","LP01","Survey_1",20040911,"CTD032",4492,7,3,-124.68,47.83,3.4,0.4,18.5,13.34,32.27,FALSE,2,1,3.4,-1.04869201995096,-1.04357668623019,"test",0,0,0,0,136
2881,"ECOHAB_3|4597","ECOHAB_3","CF02","Survey_1",20040912,"CTD051",4597,8,2,-124.87,48.22,1.6,0.3,18.9,13.71,32.29,FALSE,2,1,1.6,-1.20616991911353,-1.43983813356311,"test",0,0,0,0,137
2890,"ECOHAB_3|3510","ECOHAB_3","CF04","Survey_1",20040913,"CTD054",3510,9,0,-125.13,48.08,2.6,0.4,20.6,13.98,32.1,FALSE,2,1,2.6,-1.04869201995096,-1.04357668623019,"test",0,0,0,0,138
2902,"ECOHAB_3|3519","ECOHAB_3","CF06","Survey_1",20040913,"CTD056",3519,11,5,-125.39,47.95,1.3,0.31,9.9,15.14,32.07,FALSE,2,1,1.3,-1.19042212919727,-1.39467250145092,"test",0,0,0,0,139
2975,"ECOHAB_3|3579","ECOHAB_3","LA10","Survey_1",20040914,"CTD069",3579,8,10,-125.72,47.98,2.5,0.42,11.5,14.59,32.05,FALSE,2,1,2.5,-1.01719644011844,-0.976371730062374,"test",0,0,0,0,140
3167,"ECOHAB_3|3715","ECOHAB_3","LC09","Survey_1",20040916,"CTD103",3715,8,10,-126.23,48.43,2.5,0.43,11.6,14.44,32.06,FALSE,2,1,2.5,-1.00144865020219,-0.943960155435005,"test",0,0,0,0,141
3335,"ECOHAB_3|3852","ECOHAB_3","DBH02",NA,20040919,"CTD129",3852,20,0,-125.54,48.57,2.6,0.39,26.8,12.84,32.33,FALSE,2,1,2.6,-1.06443980986721,-1.07845015314334,"test",0,0,0,0,142
3520,"ECOHAB_3|4025","ECOHAB_3","KB04","Period_2",20040923,"CTD158",4025,10,5,-124.92,47.43,0.5,0.33,6.6,15.23,31.97,FALSE,2,1,0.5,-1.15892654936476,-1.30855518821672,"test",0,0,0,0,143
3521,"ECOHAB_3|4026","ECOHAB_3","KB04","Period_2",20040923,"CTD158",4026,9,10,-124.92,47.43,1.5,0.36,9.3,14.12,32.03,FALSE,2,1,1.5,-1.11168317961599,-1.18870324928118,"test",0,0,0,0,144
3611,"ECOHAB_3|4102","ECOHAB_3","DA41",NA,20040924,"CTD171",4102,7,0,-126.06,48.48,1,0.43,15.1,13.65,32.21,FALSE,2,1,1,-1.00144865020219,-0.943960155435005,"test",0,0,0,0,145
5747,"ECOHAB_5|7318","ECOHAB_5","CB06","Survey_2",20050915,"CTD107",7318,9,5,-125.03,47.13,0.2,0.35,5.3,15.19,32.08,FALSE,2,1,0.2,-1.12743096953224,-1.2275066143443,"test",0,0,0,0,146
5810,"ECOHAB_5|7352","ECOHAB_5","KB06","Survey_2",20050916,"CTD118",7352,9,0,-125.21,47.33,0.1,0.29,5.3,16.02,32.01,FALSE,2,1,0.1,-1.22191770902979,-1.48653509253364,"test",0,0,0,0,147
5811,"ECOHAB_5|7353","ECOHAB_5","KB06","Survey_2",20050916,"CTD118",7353,8,5,-125.21,47.33,0.1,0.31,5.3,16,32.01,FALSE,2,1,0.1,-1.19042212919727,-1.39467250145092,"test",0,0,0,0,148
5834,"ECOHAB_5|7365","ECOHAB_5","LP08","Survey_2",20050916,"CTD121",7365,7,10,-125.57,47.43,0.8,0.39,6.5,15.02,32.04,FALSE,2,1,0.8,-1.06443980986721,-1.07845015314334,"test",0,0,0,0,149
5846,"ECOHAB_5|7372","ECOHAB_5","LP06","Survey_2",20050916,"CTD123",7372,8,5,-125.31,47.54,0.7,0.32,5.9,15.55,31.99,FALSE,2,1,0.7,-1.17467433928101,-1.35094094377042,"test",0,0,0,0,150
5929,"ECOHAB_5|7418","ECOHAB_5","OZ08","Survey_2",20050917,"CTD138",7418,7,10,-125.59,47.66,0.8,0.37,5.9,14.95,32.02,FALSE,2,1,0.8,-1.09593538969973,-1.15096312500201,"test",0,0,0,0,151
6299,"ECOHAB_5|7613","ECOHAB_5","LD05","Survey_2",20050921,"CTD201",7613,8,5,-126.06,48.83,1.6,0.4,16.3,13.86,31.94,FALSE,2,1,1.6,-1.04869201995096,-1.04357668623019,"test",0,0,0,0,152
6736,"ECOHAB_6|11228","ECOHAB_6","LA10","Survey_1",20060918,"CTD073",11228,8,5,-125.72,47.98,0.81,0.44,7.32,14.51,32.29,FALSE,2,1,0.81,-0.985700860285928,-0.912293740883808,"test",0,0,0,0,153
6981,"ECOHAB_6|11485","ECOHAB_6","EH4",NA,20060924,"CTD118",11485,6,0,-124.53,47.6,1.37,0.32,41.4,13.34,30.82,FALSE,2,1,1.37,-1.17467433928101,-1.35094094377042,"test",0,0,0,0,154
7079,"ECOHAB_6|11575","ECOHAB_6","LD09","Survey_1",20060926,"CTD135",11575,10,5,-126.5,48.59,1.2,0.44,6.4,14.46,32.13,FALSE,2,1,1.2,-0.985700860285928,-0.912293740883808,"test",0,0,0,0,155
25,"ECOHAB_1|27","ECOHAB_1","CB02","Survey_1",20030604,"CTD004",27,5,10,-124.47,47.27,6.5,0.59,13.8,10.95,31.71,FALSE,3,2,6.5,-0.74948401154207,-0.508228145948082,"test",0,0,0,0,156
169,"ECOHAB_1|248","ECOHAB_1","OZ04","Survey_1",20030605,"CTD032",248,8,10,-125.1,47.89,2.3,0.48,5.3,12.96,31.6,FALSE,3,2,2.3,-0.9227097006209,-0.792441801948267,"test",0,0,0,0,157
195,"ECOHAB_1|279","ECOHAB_1","CF02","Survey_1",20030605,"CTD037",279,6,0,-124.87,48.22,3.8,0.68,29.2,11.45,31.89,FALSE,3,2,3.8,-0.607753902295755,-0.312674280774001,"test",0,0,0,0,158
384,"ECOHAB_1|530","ECOHAB_1","LB14","Survey_1",20030607,"CTD068",530,6,10,-126,48.14,1.7,0.45,5.4,13.01,31.69,FALSE,3,2,1.7,-0.969953070369671,-0.881338991740956,"test",0,0,0,0,159
550,"ECOHAB_1|783","ECOHAB_1","LAB04",NA,20030610,"CTD100",783,8,0,-125.28,48.36,7.9,0.58,25.6,11.07,32.07,FALSE,3,2,7.9,-0.765231801458328,-0.531774503378568,"test",0,0,0,0,160
800,"ECOHAB_1|1061","ECOHAB_1","LA04","Survey_2",20030614,"CTD131",1061,6,10,-125.07,48.32,3.3,0.45,7.3,11.33,31.77,FALSE,3,2,3.3,-0.969953070369671,-0.881338991740956,"test",0,0,0,0,161
832,"ECOHAB_1|1121","ECOHAB_1","C10","Canyon_Survey",20030615,"CTD139",1121,9,0,-124.83,48.39,6.4,0.68,11.9,11.4,31.71,FALSE,3,2,6.4,-0.607753902295755,-0.312674280774001,"test",0,0,0,0,162
845,"ECOHAB_1|1133","ECOHAB_1","C12","Canyon_Survey",20030615,"CTD141",1133,9,5,-124.9,48.46,6.4,0.61,11,11.34,31.79,FALSE,3,2,6.4,-0.717988431709556,-0.462309615010259,"test",0,0,0,0,163
1052,"ECOHAB_1|1414","ECOHAB_1","CB04","Survey_3",20030617,"CTD178",1414,6,5,-124.72,47.2,5.9,0.6,5,12.07,31.59,FALSE,3,2,5.9,-0.733736221625813,-0.48507754440804,"test",0,0,0,0,164
1266,"ECOHAB_1|1749","ECOHAB_1","LB06","Survey_3",20030621,"CTD226",1749,7,0,-125.26,48.54,6.1,0.54,12.6,11.22,31.07,FALSE,3,2,6.1,-0.828222961123356,-0.630204107459029,"test",0,0,0,0,165
1421,"ECOHAB_2|1937","ECOHAB_2","CB04","Survey_1",20030901,"CTD006",1937,8,0,-124.72,47.2,7.5,0.56,24.8,12.4,32.52,FALSE,3,2,7.5,-0.796727381290842,-0.580110282729458,"test",0,0,0,0,166
1609,"ECOHAB_2|2070","ECOHAB_2","CF08","Survey_1",20030903,"CTD039",2070,7,10,-125.66,47.82,4.1,0.6,14.7,13.3,31.98,FALSE,3,2,4.1,-0.733736221625813,-0.48507754440804,"test",0,0,0,0,167
1717,"ECOHAB_2|2146","ECOHAB_2","LAB10","Survey_1",20030904,"CTD059",2146,8,5,-125.97,48,1.5,0.47,13.1,15.3,32,FALSE,3,2,1.5,-0.938457490537157,-0.821441365003847,"test",0,0,0,0,168
1718,"ECOHAB_2|2147","ECOHAB_2","LAB10","Survey_1",20030904,"CTD059",2147,7,10,-125.97,48,1.9,0.57,13,14.8,32.03,FALSE,3,2,1.9,-0.780979591374585,-0.555730383145118,"test",0,0,0,0,169
1804,"ECOHAB_2|2210","ECOHAB_2","LC07","Survey_1",20030905,"CTD074",2210,7,5,-126.01,48.55,4.5,0.7,25.6,13.6,31.86,FALSE,3,2,4.5,-0.576258322463241,-0.27274602518923,"test",0,0,0,0,170
2113,"ECOHAB_2|2476","ECOHAB_2","CF08","Survey_2",20030911,"CTD139",2476,9,0,-125.67,47.82,0.6,0.45,12.1,15.4,31.94,FALSE,3,2,0.6,-0.969953070369671,-0.881338991740956,"test",0,0,0,0,171
2114,"ECOHAB_2|2477","ECOHAB_2","CF08","Survey_2",20030911,"CTD139",2477,8,5,-125.67,47.82,0.6,0.45,12.2,15.4,31.95,FALSE,3,2,0.6,-0.969953070369671,-0.881338991740956,"test",0,0,0,0,172
2230,"ECOHAB_2|2567","ECOHAB_2","KB04","Survey_3",20030913,"CTD161",2567,9,0,-124.93,47.43,1.7,0.45,10.1,14.5,31.87,FALSE,3,2,1.7,-0.969953070369671,-0.881338991740956,"test",0,0,0,0,173
2274,"ECOHAB_2|2600","ECOHAB_2","LP02","Survey_3",20030914,"CTD170",2600,7,0,-124.81,47.77,6.3,0.61,26,13.8,31.51,FALSE,3,2,6.3,-0.717988431709556,-0.462309615010259,"test",0,0,0,0,174
2285,"ECOHAB_2|2608","ECOHAB_2","LP04","Survey_3",20030914,"CTD172",2608,7,5,-125.06,47.66,4.7,0.63,18,14.2,31.75,FALSE,3,2,4.7,-0.686492851877041,-0.417872588240219,"test",0,0,0,0,175
2370,"ECOHAB_2|2668","ECOHAB_2","LP01","Final_Survey_Lines",20030916,"CTD188",2668,4,5,-124.68,47.83,1.4,0.53,18.8,13,32.55,FALSE,3,2,1.4,-0.843970751039613,-0.655951181713635,"test",0,0,0,0,176
2691,"ECOHAB_3|3382","ECOHAB_3","CB04","Survey_1",20040910,"CTD021",3382,7,10,-124.72,47.2,5.8,0.6,14,13.04,32.3,FALSE,3,2,5.8,-0.733736221625813,-0.48507754440804,"test",0,0,0,0,177
2763,"ECOHAB_3|3426","ECOHAB_3","LP01","Survey_1",20040911,"CTD032",3426,5,10,-124.68,47.83,4.3,0.46,19.4,13.22,32.27,FALSE,3,2,4.3,-0.954205280453414,-0.851064622146247,"test",0,0,0,0,178
2953,"ECOHAB_3|3563","ECOHAB_3","LA06","Survey_1",20040914,"CTD065",3563,7,10,-125.29,48.21,7.6,0.66,20.8,13.21,32.11,FALSE,3,2,7.6,-0.63924948212827,-0.353794599061654,"test",0,0,0,0,179
2964,"ECOHAB_3|3571","ECOHAB_3","LA08","Survey_1",20040914,"CTD067",3571,7,10,-125.51,48.1,3.7,0.45,13.7,14.65,32.09,FALSE,3,2,3.7,-0.969953070369671,-0.881338991740956,"test",0,0,0,0,180
3009,"ECOHAB_3|3601","ECOHAB_3","LAB06","Survey_1",20040914,"CTD075",3601,21,0,-125.47,48.26,5.5,0.64,14.9,14.19,32.06,FALSE,3,2,5.5,-0.670745061960784,-0.396180354615351,"test",0,0,0,0,181
3033,"ECOHAB_3|3619","ECOHAB_3","LAB02","Survey_1",20040914,"CTD079",3619,5,10,-124.96,48.53,8.3,0.66,29.3,12.45,32.34,FALSE,3,2,8.3,-0.63924948212827,-0.353794599061654,"test",0,0,0,0,182
3060,"ECOHAB_3|3639","ECOHAB_3","LB06","Survey_1",20040915,"CTD084",3639,7,10,-125.26,48.54,7.4,0.57,29.5,12.28,32.33,FALSE,3,2,7.4,-0.780979591374585,-0.555730383145118,"test",0,0,0,0,183
3080,"ECOHAB_3|3653","ECOHAB_3","LB10","Survey_1",20040915,"CTD088",3653,9,0,-125.69,48.31,2.1,0.46,10.6,14.44,32.07,FALSE,3,2,2.1,-0.954205280453414,-0.851064622146247,"test",0,0,0,0,184
3081,"ECOHAB_3|3654","ECOHAB_3","LB10","Survey_1",20040915,"CTD088",3654,8,5,-125.69,48.31,2.3,0.45,10.8,14.42,32.07,FALSE,3,2,2.3,-0.969953070369671,-0.881338991740956,"test",0,0,0,0,185
3082,"ECOHAB_3|3655","ECOHAB_3","LB10","Survey_1",20040915,"CTD088",3655,7,10,-125.69,48.31,3.5,0.53,12.9,14.15,32.08,FALSE,3,2,3.5,-0.843970751039613,-0.655951181713635,"test",0,0,0,0,186
3128,"ECOHAB_3|3686","ECOHAB_3","LBC06","Survey_1",20040915,"CTD096",3686,8,5,-125.88,48.41,8.2,0.65,26,12.79,32.23,FALSE,3,2,8.2,-0.654997272044527,-0.374824448270194,"test",0,0,0,0,187
3129,"ECOHAB_3|3687","ECOHAB_3","LBC06","Survey_1",20040915,"CTD096",3687,7,10,-125.88,48.41,8.4,0.69,26.4,12.7,32.23,FALSE,3,2,8.4,-0.592006112379498,-0.292565480324093,"test",0,0,0,0,188
3139,"ECOHAB_3|3694","ECOHAB_3","LBC04","Survey_1",20040915,"CTD098",3694,7,5,-125.63,48.54,8.3,0.63,28.3,12.27,32.29,FALSE,3,2,8.3,-0.686492851877041,-0.417872588240219,"test",0,0,0,0,189
3178,"ECOHAB_3|3722","ECOHAB_3","LC07","Survey_1",20040916,"CTD105",3722,8,5,-126.01,48.55,7.2,0.62,27.6,12.23,32.25,FALSE,3,2,7.2,-0.702240641793299,-0.439911912295854,"test",0,0,0,0,190
3241,"ECOHAB_3|3766","ECOHAB_3","DA02",NA,20040917,"CTD114",3766,7,10,-125.16,48.49,7.3,0.62,20.4,13,32.18,FALSE,3,2,7.3,-0.702240641793299,-0.439911912295854,"test",0,0,0,0,191
3259,"ECOHAB_3|3785","ECOHAB_3","DA05",NA,20040917,"CTD117",3785,9,0,-125.15,48.52,6.9,0.61,20.3,12.97,32.16,FALSE,3,2,6.9,-0.717988431709556,-0.462309615010259,"test",0,0,0,0,192
3261,"ECOHAB_3|3787","ECOHAB_3","DA05",NA,20040917,"CTD117",3787,7,10,-125.15,48.52,7.4,0.66,21.1,12.91,32.17,FALSE,3,2,7.4,-0.63924948212827,-0.353794599061654,"test",0,0,0,0,193
3286,"ECOHAB_3|3814","ECOHAB_3","DA08",NA,20040918,"CTD121",3814,8,0,-125.32,48.64,8.3,0.69,22.9,12.74,32.25,FALSE,3,2,8.3,-0.592006112379498,-0.292565480324093,"test",0,0,0,0,194
3309,"ECOHAB_3|3830","ECOHAB_3","DA11",NA,20040918,"CTD124",3830,7,5,-125.48,48.66,7.4,0.61,21.5,12.87,32.22,FALSE,3,2,7.4,-0.717988431709556,-0.462309615010259,"test",0,0,0,0,195
3342,"ECOHAB_3|3860","ECOHAB_3","DA16",NA,20040919,"CTD130",3860,7,5,-125.67,48.68,5.7,0.51,20.1,13.02,32.22,FALSE,3,2,5.7,-0.875466330872128,-0.708935728106917,"test",0,0,0,0,196
3361,"ECOHAB_3|3875","ECOHAB_3","DBH03",NA,20040919,"CTD133",3875,7,5,-125.63,48.56,5.7,0.52,27.6,12.2,32.38,FALSE,3,2,5.7,-0.859718540955871,-0.682188705810421,"test",0,0,0,0,197
3400,"ECOHAB_3|3916","ECOHAB_3","DA23",NA,20040920,"CTD139",3916,8,0,-125.95,48.57,5.5,0.48,25.5,12.39,32.37,FALSE,3,2,5.5,-0.9227097006209,-0.792441801948267,"test",0,0,0,0,198
3411,"ECOHAB_3|3922","ECOHAB_3","DA25",NA,20040920,"CTD141",3922,8,5,-125.99,48.57,7.4,0.62,26.6,12.36,32.35,FALSE,3,2,7.4,-0.702240641793299,-0.439911912295854,"test",0,0,0,0,199
3488,"ECOHAB_3|3998","ECOHAB_3","DBH06",NA,20040922,"CTD152",3998,9,0,-125.49,48.44,6.7,0.59,26.7,12.84,32.35,FALSE,3,2,6.7,-0.74948401154207,-0.508228145948082,"test",0,0,0,0,200
3489,"ECOHAB_3|3999","ECOHAB_3","DBH06",NA,20040922,"CTD152",3999,8,5,-125.49,48.44,6.9,0.58,27.1,12.48,32.38,FALSE,3,2,6.9,-0.765231801458328,-0.531774503378568,"test",0,0,0,0,201
4482,"ECOHAB_4|6030","ECOHAB_4","CB01","Survey_2",20050718,"CTD105",6030,5,0,-124.36,47.3,7,0.68,17.4,13.6,31.16,FALSE,3,2,7,-0.607753902295755,-0.312674280774001,"test",0,0,0,0,202
4492,"ECOHAB_4|6040","ECOHAB_4","KB02","Survey_2",20050718,"CTD107",6040,7,0,-124.64,47.52,4.3,0.49,17.5,13.99,31.73,FALSE,3,2,4.3,-0.906961910704642,-0.764040210843564,"test",0,0,0,0,203
4574,"ECOHAB_4|6122","ECOHAB_4","LP02","Survey_2",20050719,"CTD120",6122,6,5,-124.8,47.77,7.4,0.64,19.8,13.75,31.81,FALSE,3,2,7.4,-0.670745061960784,-0.396180354615351,"test",0,0,0,0,204
4590,"ECOHAB_4|6138","ECOHAB_4","OZ02","Survey_2",20050719,"CTD123",6138,19,0,-124.86,48.01,5.6,0.53,19,13.99,31.87,FALSE,3,2,5.6,-0.843970751039613,-0.655951181713635,"test",0,0,0,0,205
4664,"ECOHAB_4|6214","ECOHAB_4","CF04","Survey_2",20050720,"CTD136",6214,7,5,-125.13,48.08,4.8,0.54,18.9,13.86,31.63,FALSE,3,2,4.8,-0.828222961123356,-0.630204107459029,"test",0,0,0,0,206
5858,"ECOHAB_5|7378","ECOHAB_5","LP04","Survey_2",20050916,"CTD125",7378,7,5,-125.06,47.66,5.8,0.65,15.3,12.42,32.11,FALSE,3,2,5.8,-0.654997272044527,-0.374824448270194,"test",0,0,0,0,207
5955,"ECOHAB_5|7432","ECOHAB_5","CF04","Survey_2",20050918,"CTD143",7432,7,5,-125.13,48.08,6,0.63,20.8,14.06,31.9,FALSE,3,2,6,-0.686492851877041,-0.417872588240219,"test",0,0,0,0,208
6435,"ECOHAB_6|10914","ECOHAB_6","GH04","Survey_1",20060914,"CTD018",10914,7,0,-124.62,46.98,8.74,0.7,23.9,11.54,33.1,FALSE,3,2,8.74,-0.576258322463241,-0.27274602518923,"test",0,0,0,0,209
6542,"ECOHAB_6|11025","ECOHAB_6","KB06","Survey_1",20060916,"CTD034",11025,9,5,-125.21,47.33,3.15,0.49,20.9,13.65,32.27,FALSE,3,2,3.15,-0.906961910704642,-0.764040210843564,"test",0,0,0,0,210
6543,"ECOHAB_6|11026","ECOHAB_6","KB06","Survey_1",20060916,"CTD034",11026,8,10,-125.21,47.33,2.52,0.45,20.2,13.54,32.29,FALSE,3,2,2.52,-0.969953070369671,-0.881338991740956,"test",0,0,0,0,211
6735,"ECOHAB_6|11227","ECOHAB_6","LA10","Survey_1",20060918,"CTD073",11227,9,0,-125.72,47.98,0.82,0.45,7.32,14.51,32.29,FALSE,3,2,0.82,-0.969953070369671,-0.881338991740956,"test",0,0,0,0,212
6846,"ECOHAB_6|11341","ECOHAB_6","LAB10","Survey_1",20060920,"CTD092",11341,10,0,-125.97,48,1.4,0.48,9.93,14.42,32.29,FALSE,3,2,1.4,-0.9227097006209,-0.792441801948267,"test",0,0,0,0,213
6847,"ECOHAB_6|11342","ECOHAB_6","LAB10","Survey_1",20060920,"CTD092",11342,9,5,-125.97,48,1.36,0.5,9.92,14.42,32.29,FALSE,3,2,1.36,-0.891214120788385,-0.736212428689967,"test",0,0,0,0,214
6994,"ECOHAB_6|11499","ECOHAB_6","CB03",NA,20060924,"CTD120",11499,6,5,-124.59,47.24,7.14,0.69,30.6,12.27,32.41,FALSE,3,2,7.14,-0.592006112379498,-0.292565480324093,"test",0,0,0,0,215
7051,"ECOHAB_6|11555","ECOHAB_6","LC09","Survey_1",20060925,"CTD130",11555,9,0,-126.23,48.43,2.11,0.54,9.28,14.38,32.2,FALSE,3,2,2.11,-0.828222961123356,-0.630204107459029,"test",0,0,0,0,216
7158,"ECOHAB_6|11661","ECOHAB_6","LE06","Survey_1",20060927,"CTD152",11661,5,0,-126.72,48.8,1.48,0.51,8.65,14.1,32.14,FALSE,3,2,1.48,-0.875466330872128,-0.708935728106917,"test",0,0,0,0,217
7166,"ECOHAB_6|11667","ECOHAB_6","D3918","Survey_2",20060927,"CTD154",11667,16,0,-126.13,47.97,4.7,0.64,12.1,13.54,32.21,FALSE,3,2,4.7,-0.670745061960784,-0.396180354615351,"test",0,0,0,0,218
7391,"ECOHAB_6|11937","ECOHAB_6","D60058","Survey_2",20061001,"CTD199",11937,7,5,-124.85,46.57,5,0.65,14.6,13.2,32.41,FALSE,3,2,5,-0.654997272044527,-0.374824448270194,"test",0,0,0,0,219
17,"ECOHAB_1|22","ECOHAB_1","CB01","Survey_1",20030604,"CTD003",22,6,0,-124.37,47.3,9.3,1.14,17.2,10.93,31.86,FALSE,4,3,9.3,0.116644433852076,0.399030206009952,"test",0,0,0,0,220
638,"ECOHAB_1|928","ECOHAB_1","DB03",NA,20030613,"CTD116",928,7,5,-125.28,48.35,14,1.06,22.4,10.51,31.68,FALSE,4,3,14,-0.0093378854779818,0.298809407441436,"test",0,0,0,0,221
645,"ECOHAB_1|936","ECOHAB_1","DB04",NA,20030613,"CTD117",936,7,0,-125.11,48.32,11.6,0.85,19.1,10.94,31.54,FALSE,4,3,11.6,-0.340041473719383,-0.00531002323377337,"test",0,0,0,0,222
770,"ECOHAB_1|1030","ECOHAB_1","DB06",NA,20030614,"CTD127",1030,6,10,-124.97,48.4,9.3,0.73,16.1,11.01,31.62,FALSE,4,3,9.3,-0.52901495271447,-0.214943346942965,"test",0,0,0,0,223
876,"ECOHAB_1|1176","ECOHAB_1","LAB02","Survey_2",20030615,"CTD147",1176,5,5,-124.96,48.53,11.5,0.93,19.9,10.52,31.76,FALSE,4,3,11.5,-0.214059154389325,0.1185872295263,"test",0,0,0,0,224
954,"ECOHAB_1|1294","ECOHAB_1","EH1",NA,20030616,"CTD161",1294,11,0,-124.7,48.49,10.8,0.95,21.4,11.49,30.76,FALSE,4,3,10.8,-0.182563574556811,0.147895321728025,"test",0,0,0,0,225
1268,"ECOHAB_1|1747","ECOHAB_1","LB06","Survey_3",20030621,"CTD226",1747,5,10,-125.26,48.54,8.8,0.81,15.8,11.09,31.09,FALSE,4,3,8.8,-0.403032633384412,-0.0717049656368745,"test",0,0,0,0,226
1351,"ECOHAB_1|1855","ECOHAB_1","LA04","Survey_3",20030622,"CTD243",1855,7,5,-125.07,48.32,14,1.2,23.5,9.53,32.18,FALSE,4,3,14,0.211131173349619,0.469683044747031,"test",0,0,0,0,227
1458,"ECOHAB_2|1962","ECOHAB_2","KB01","Survey_1",20030902,"CTD014",1962,3,5,-124.5,47.58,14.6,1.13,32.7,10,32.93,FALSE,4,3,14.6,0.100896643935818,0.386894194752768,"test",0,0,0,0,228
1471,"ECOHAB_2|1973","ECOHAB_2","KB04","Survey_1",20030902,"CTD017",1973,9,0,-124.92,47.43,10.9,0.93,34.1,13.1,32.1,FALSE,4,3,10.9,-0.214059154389325,0.1185872295263,"test",0,0,0,0,229
1674,"ECOHAB_2|2113","ECOHAB_2","LA04","Survey_1",20030904,"CTD051",2113,8,0,-125.07,48.32,14.6,1.18,41.7,13.1,32.55,FALSE,4,3,14.6,0.179635593517104,0.446532443206988,"test",0,0,0,0,230
1876,"ECOHAB_2|2272","ECOHAB_2","DD03",NA,20030907,"CTD089",2272,7,0,-125.66,47.99,9.6,0.93,30.4,13.3,31.55,FALSE,4,3,9.6,-0.214059154389325,0.1185872295263,"test",0,0,0,0,231
1903,"ECOHAB_2|2295","ECOHAB_2","DD06",NA,20030908,"CTD093",2295,7,5,-125.58,48.08,8.2,0.84,28.2,13.6,31.61,FALSE,4,3,8.2,-0.35578926363564,-0.0216111409073033,"test",0,0,0,0,232
1910,"ECOHAB_2|2300","ECOHAB_2","LA08","Survey_2",20030908,"CTD094",2300,8,0,-125.51,48.1,14.5,1.22,36.9,13.7,31.28,FALSE,4,3,14.5,0.242626753182133,0.492450974144812,"test",0,0,0,0,233
1922,"ECOHAB_2|2309","ECOHAB_2","LA06","Survey_2",20030908,"CTD096",2309,7,5,-125.29,48.21,11.6,1.14,33.8,13.3,31.53,FALSE,4,3,11.6,0.116644433852076,0.399030206009952,"test",0,0,0,0,234
1962,"ECOHAB_2|2358","ECOHAB_2","LAB08","Survey_2",20030909,"CTD111",2358,9,0,-125.72,48.13,8.2,0.83,29.8,13.7,31.6,FALSE,4,3,8.2,-0.371537053551898,-0.0381074861861789,"test",0,0,0,0,235
1988,"ECOHAB_2|2377","ECOHAB_2","LAB04","Survey_2",20030909,"CTD115",2377,8,0,-125.21,48.39,9.9,1.02,38.6,13.4,31.45,FALSE,4,3,9.9,-0.0723290451430107,0.245824861048154,"test",0,0,0,0,236
2008,"ECOHAB_2|2395","ECOHAB_2","DD09",NA,20030909,"CTD119",2395,7,0,-125.67,48.25,9.2,0.96,29,13.4,31.62,FALSE,4,3,9.2,-0.166815784640554,0.162318787206803,"test",0,0,0,0,237
2082,"ECOHAB_2|2452","ECOHAB_2","CF02","Survey_2",20030911,"CTD133",2452,5,5,-124.87,48.22,13.5,1.19,33.7,13.7,31.51,FALSE,4,3,13.5,0.195383383433362,0.458156380266963,"test",0,0,0,0,238
2139,"ECOHAB_2|2495","ECOHAB_2","LB13","Survey_2",20030911,"CTD143",2495,7,10,-125.88,48.2,6.7,0.86,16.6,13.5,32,FALSE,4,3,6.7,-0.324293683803126,0.0108004337200653,"test",0,0,0,0,239
2160,"ECOHAB_2|2509","ECOHAB_2","LB08","Survey_2",20030911,"CTD147",2509,8,0,-125.48,48.42,6.9,0.85,27.8,13.4,31.89,FALSE,4,3,6.9,-0.340041473719383,-0.00531002323377337,"test",0,0,0,0,240
2161,"ECOHAB_2|2510","ECOHAB_2","LB08","Survey_2",20030911,"CTD147",2510,7,5,-125.48,48.42,7.2,0.85,28.3,13.4,31.89,FALSE,4,3,7.2,-0.340041473719383,-0.00531002323377337,"test",0,0,0,0,241
2199,"ECOHAB_2|2555","ECOHAB_2","LA02",NA,20030912,"CTD156",2555,9,0,-124.86,48.44,9.8,0.87,26.5,11.4,32.5,FALSE,4,3,9.8,-0.308545893886869,0.026724638443587,"test",0,0,0,0,242
2232,"ECOHAB_2|2569","ECOHAB_2","KB04","Survey_3",20030913,"CTD161",2569,7,10,-124.93,47.43,3.9,0.75,9.8,13.7,31.95,FALSE,4,3,3.9,-0.497519372881955,-0.177713286867812,"test",0,0,0,0,243
2371,"ECOHAB_2|2669","ECOHAB_2","LP01","Final_Survey_Lines",20030916,"CTD188",2669,3,10,-124.68,47.83,3.3,0.73,21.1,12.4,32.65,FALSE,4,3,3.3,-0.52901495271447,-0.214943346942965,"test",0,0,0,0,244
2593,"ECOHAB_3|3308","ECOHAB_3","LP02",NA,20040909,"CTD003",3308,6,10,-124.81,47.77,13.2,1.08,26.2,12.22,32.33,FALSE,4,3,13.2,0.0221576943545326,0.324556481696042,"test",0,0,0,0,245
2682,"ECOHAB_3|3374","ECOHAB_3","CB02","Survey_1",20040910,"CTD019",3374,5,10,-124.47,47.27,10.8,1.22,35.5,10.82,32.65,FALSE,4,3,10.8,0.242626753182133,0.492450974144812,"test",0,0,0,0,246
3050,"ECOHAB_3|3631","ECOHAB_3","LB03","Survey_1",20040915,"CTD082",3631,6,10,-125.09,48.62,9.4,0.76,28.6,12.17,32.25,FALSE,4,3,9.4,-0.481771582965698,-0.159468935812202,"test",0,0,0,0,247
3059,"ECOHAB_3|3638","ECOHAB_3","LB06","Survey_1",20040915,"CTD084",3638,8,5,-125.26,48.54,7.2,0.75,29.1,12.32,32.31,FALSE,4,3,7.2,-0.497519372881955,-0.177713286867812,"test",0,0,0,0,248
3069,"ECOHAB_3|3645","ECOHAB_3","LB08","Survey_1",20040915,"CTD086",3645,9,0,-125.48,48.42,11,0.84,29.7,12.24,32.42,FALSE,4,3,11,-0.35578926363564,-0.0216111409073033,"test",0,0,0,0,249
3188,"ECOHAB_3|3729","ECOHAB_3","LC05","Survey_1",20040916,"CTD107",3729,8,0,-125.79,48.67,12.5,0.98,34.7,12.02,31.97,FALSE,4,3,12.5,-0.13532020480804,0.190720378311506,"test",0,0,0,0,250
3221,"ECOHAB_3|3750","ECOHAB_3","BS02","Survey_1",20040916,"CTD112",3750,7,5,-125.22,48.9,14.1,1.19,39,12.58,30.45,FALSE,4,3,14.1,0.195383383433362,0.458156380266963,"test",0,0,0,0,251
3293,"ECOHAB_3|3821","ECOHAB_3","DA09",NA,20040918,"CTD122",3821,8,0,-125.32,48.62,8.2,0.74,23.4,12.75,32.25,FALSE,4,3,8.2,-0.513267162798212,-0.196202535846943,"test",0,0,0,0,252
3350,"ECOHAB_3|3868","ECOHAB_3","DA17",NA,20040919,"CTD131",3868,6,10,-125.69,48.67,8.3,0.74,23,12.79,32.24,FALSE,4,3,8.3,-0.513267162798212,-0.196202535846943,"test",0,0,0,0,253
3355,"ECOHAB_3|3870","ECOHAB_3","DA18",NA,20040919,"CTD132",3870,8,0,-125.75,48.65,8.4,0.75,25.6,12.44,32.32,FALSE,4,3,8.4,-0.497519372881955,-0.177713286867812,"test",0,0,0,0,254
3510,"ECOHAB_3|4018","ECOHAB_3","KB02","Period_2",20040922,"CTD156",4018,6,10,-124.64,47.53,11.4,1.03,22.8,11.34,32.45,FALSE,4,3,11.4,-0.0565812552267534,0.259263293173365,"test",0,0,0,0,255
3564,"ECOHAB_3|4057","ECOHAB_3","DA36",NA,20040923,"CTD164",4057,8,5,-126.06,48.55,6.9,0.77,25,12,32.41,FALSE,4,3,6.9,-0.466023793049441,-0.141463079842844,"test",0,0,0,0,256
3785,"ECOHAB_3|5086","ECOHAB_3","CA06","Period_3",20040927,"CTD208",5086,10,0,-124.86,48.4,8.5,0.85,23.3,12.6,32.23,FALSE,4,3,8.5,-0.340041473719383,-0.00531002323377337,"test",0,0,0,0,257
5797,"ECOHAB_5|7347","ECOHAB_5","KB04","Survey_2",20050915,"CTD116",7347,10,5,-124.93,47.43,6.7,0.73,19.4,12.86,32.03,FALSE,4,3,6.7,-0.52901495271447,-0.214943346942965,"test",0,0,0,0,258
5798,"ECOHAB_5|7348","ECOHAB_5","KB04","Survey_2",20050915,"CTD116",7348,9,10,-124.93,47.43,12.1,1.02,20.2,11.82,32.07,FALSE,4,3,12.1,-0.0723290451430107,0.245824861048154,"test",0,0,0,0,259
5859,"ECOHAB_5|7379","ECOHAB_5","LP04","Survey_2",20050916,"CTD125",7379,6,10,-125.06,47.66,10,0.84,16.4,11.75,32.17,FALSE,4,3,10,-0.35578926363564,-0.0216111409073033,"test",0,0,0,0,260
5884,"ECOHAB_5|7391","ECOHAB_5","LP01","Survey_2",20050917,"CTD130",7391,4,5,-124.68,47.82,14.4,1.07,27.4,11.62,32.74,FALSE,4,3,14.4,0.00640990443827542,0.311743102160042,"test",0,0,0,0,261
5893,"ECOHAB_5|7396","ECOHAB_5","OZ02","Survey_2",20050917,"CTD132",7396,7,0,-124.86,48,13.1,1.05,30.4,12.71,31.84,FALSE,4,3,13.1,-0.025085675394239,0.285753116632924,"test",0,0,0,0,262
6485,"ECOHAB_6|10964","ECOHAB_6","CB02","Survey_1",20060915,"CTD024",10964,6,0,-124.47,47.27,10.4,1.08,38.2,10.92,33.37,FALSE,4,3,10.4,0.0221576943545326,0.324556481696042,"test",0,0,0,0,263
6556,"ECOHAB_6|11040","ECOHAB_6","KB04","Survey_1",20060916,"CTD036",11040,7,10,-124.93,47.43,13.6,1.17,34.9,11.73,32.56,FALSE,4,3,13.6,0.163887803600847,0.434809577833888,"test",0,0,0,0,264
6565,"ECOHAB_6|11050","ECOHAB_6","KB02","Survey_1",20060916,"CTD038",11050,7,0,-124.64,47.53,15.4,1.2,36.6,10.64,33.1,FALSE,4,3,15.4,0.211131173349619,0.469683044747031,"test",0,0,0,0,265
6566,"ECOHAB_6|11051","ECOHAB_6","KB02","Survey_1",20060916,"CTD038",11051,6,5,-124.64,47.53,15.8,1.21,36.5,10.64,33.1,FALSE,4,3,15.8,0.226878963265876,0.481114051157876,"test",0,0,0,0,266
6661,"ECOHAB_6|11148","ECOHAB_6","OZ04","Survey_1",20060917,"CTD057",11148,6,10,-125.1,47.89,12.1,1.19,26.7,9.76,33.52,FALSE,4,3,12.1,0.195383383433362,0.458156380266963,"test",0,0,0,0,267
6707,"ECOHAB_6|11198","ECOHAB_6","CF06","Survey_1",20060918,"CTD067",11198,9,0,-125.39,47.95,12.6,1.22,27,11.61,32.11,FALSE,4,3,12.6,0.242626753182133,0.492450974144812,"test",0,0,0,0,268
6990,"ECOHAB_6|11495","ECOHAB_6","EH2",NA,20060924,"CTD119",11495,3,10,-124.77,47.61,9.16,1.06,31,11.23,32.93,FALSE,4,3,9.16,-0.0093378854779818,0.298809407441436,"test",0,0,0,0,269
7240,"ECOHAB_6|11752","ECOHAB_6","LAB07","Survey_2",20060928,"CTD167",11752,3,5,-125.59,48.2,6.9,0.76,16.1,13.7,32.26,FALSE,4,3,6.9,-0.481771582965698,-0.159468935812202,"test",0,0,0,0,270
7332,"ECOHAB_6|11872","ECOHAB_6","CB01","Survey_2",20060930,"CTD188",11872,4,5,-124.37,47.3,9.3,1.05,35.7,11.42,32.89,FALSE,4,3,9.3,-0.025085675394239,0.285753116632924,"test",0,0,0,0,271
7463,"ECOHAB_6|12013","ECOHAB_6","D66683","Survey_2",20061001,"CTD212",12013,6,0,-125.02,47.34,8.9,0.84,24.6,13.09,32.2,FALSE,4,3,8.9,-0.35578926363564,-0.0216111409073033,"test",0,0,0,0,272
7464,"ECOHAB_6|12014","ECOHAB_6","D66683","Survey_2",20061001,"CTD212",12014,5,5,-125.02,47.34,8.8,0.85,24.5,13.09,32.2,FALSE,4,3,8.8,-0.340041473719383,-0.00531002323377337,"test",0,0,0,0,273
7533,"ECOHAB_6|12093","ECOHAB_6","D3818","Survey_2",20061002,"CTD227",12093,9,5,-125.48,47.93,8.9,0.87,24,12.56,32.2,FALSE,4,3,8.9,-0.308545893886869,0.026724638443587,"test",0,0,0,0,274
7543,"ECOHAB_6|12104","ECOHAB_6","D60057","Survey_2",20061002,"CTD228",12104,6,10,-125.39,48,5.1,0.74,8,11.16,32.33,FALSE,4,3,5.1,-0.513267162798212,-0.196202535846943,"test",0,0,0,0,275
19,"ECOHAB_1|20","ECOHAB_1","CB01","Survey_1",20030604,"CTD003",20,4,6,-124.37,47.3,11.3,1.29,19.4,10.66,31.86,FALSE,5,4,11.3,0.352861282595934,0.56929957554222,"test",0,0,0,0,276
97,"ECOHAB_1|155","ECOHAB_1","LP01","Survey_1",20030605,"CTD019",155,5,5,-124.68,47.82,17.2,1.4,35.4,9.42,32.09,FALSE,5,4,17.2,0.526086971674763,0.68201456396584,"test",0,0,0,0,277
191,"ECOHAB_1|271","ECOHAB_1","CF01","Survey_1",20030605,"CTD036",271,4,5,-124.74,48.28,20.4,1.58,43.4,9.62,32.51,FALSE,5,4,20.4,0.809547190167393,0.848618120643258,"test",0,0,0,0,278
315,"ECOHAB_1|453","ECOHAB_1","LAB01","Survey_1",20030607,"CTD057",453,7,5,-124.83,48.59,20.2,1.56,35.2,11.17,31.49,FALSE,5,4,20.2,0.778051610334878,0.831071025166804,"test",0,0,0,0,279
316,"ECOHAB_1|452","ECOHAB_1","LAB01","Survey_1",20030607,"CTD057",452,6,10,-124.83,48.59,21.1,1.64,35.9,10.99,31.5,FALSE,5,4,21.1,0.904033929664936,0.899956797122457,"test",0,0,0,0,280
927,"ECOHAB_1|1259","ECOHAB_1","LB06","Survey_2",20030616,"CTD156",1259,5,10,-125.26,48.54,16.8,1.35,28.3,9.65,32.38,FALSE,5,4,16.8,0.447348022093477,0.631920739236269,"test",0,0,0,0,281
1240,"ECOHAB_1|1718","ECOHAB_1","LAB02","Survey_3",20030621,"CTD221",1718,5,5,-124.96,48.53,18.4,1.48,27.3,10.22,31.56,FALSE,5,4,18.4,0.65206929100482,0.758558053308128,"test",0,0,0,0,282
1256,"ECOHAB_1|1739","ECOHAB_1","LB03","Survey_3",20030621,"CTD224",1739,7,0,-125.09,48.62,15.5,1.26,22.5,10.31,31.82,FALSE,5,4,15.5,0.305617912847162,0.536888000914851,"test",0,0,0,0,283
1258,"ECOHAB_1|1737","ECOHAB_1","LB03","Survey_3",20030621,"CTD224",1737,5,10,-125.09,48.62,15.5,1.3,22.8,10.29,31.82,FALSE,5,4,15.5,0.368609072512191,0.579936140884877,"test",0,0,0,0,284
1350,"ECOHAB_1|1856","ECOHAB_1","LA04","Survey_3",20030622,"CTD243",1856,8,0,-125.07,48.32,16.8,1.26,28.9,10.33,32.02,FALSE,5,4,16.8,0.305617912847162,0.536888000914851,"test",0,0,0,0,285
1402,"ECOHAB_2|1922","ECOHAB_2","EH2",NA,20030831,"CTD002",1922,5,10,-124.77,47.6,17.3,1.28,34.5,10.5,32.72,FALSE,5,4,17.3,0.337113492679677,0.558580234539719,"test",0,0,0,0,286
1451,"ECOHAB_2|1958","ECOHAB_2","KB02",NA,20030901,"CTD012",1958,6,5,-124.64,47.53,18.6,1.4,35.6,10.1,32.79,FALSE,5,4,18.6,0.526086971674763,0.68201456396584,"test",0,0,0,0,287
1473,"ECOHAB_2|1975","ECOHAB_2","KB04","Survey_1",20030902,"CTD017",1975,7,10,-124.92,47.43,22,1.69,40.2,11.5,32.14,FALSE,5,4,22,0.982772879246222,0.94132412130465,"test",0,0,0,0,288
1685,"ECOHAB_2|2125","ECOHAB_2","LA06","Survey_1",20030904,"CTD053",2125,8,0,-125.29,48.21,15.8,1.32,41.9,12.9,32.37,FALSE,5,4,15.8,0.400104652344705,0.600965990093417,"test",0,0,0,0,289
1728,"ECOHAB_2|2155","ECOHAB_2","LAB08","Survey_1",20030905,"CTD061",2155,9,0,-125.72,48.13,14.2,1.25,39.8,13.2,31.42,FALSE,5,4,14.2,0.289870122930905,0.525912418005331,"test",0,0,0,0,290
1752,"ECOHAB_2|2172","ECOHAB_2","LAB04","Survey_1",20030905,"CTD065",2172,7,5,-125.21,48.39,18.8,1.45,41.8,12.6,32.53,FALSE,5,4,18.8,0.604825921256049,0.730350343316731,"test",0,0,0,0,291
1776,"ECOHAB_2|2189","ECOHAB_2","LC01","Survey_1",20030905,"CTD069",2189,6,5,-125.46,48.84,17.5,1.58,43.8,12.6,31.54,FALSE,5,4,17.5,0.809547190167393,0.848618120643258,"test",0,0,0,0,292
1782,"ECOHAB_2|2192","ECOHAB_2","LC03","Survey_1",20030905,"CTD070",2192,8,0,-125.57,48.78,12.7,1.24,42.9,13.2,31.44,FALSE,5,4,12.7,0.274122333014648,0.514848676859216,"test",0,0,0,0,293
1923,"ECOHAB_2|2310","ECOHAB_2","LA06","Survey_2",20030908,"CTD096",2310,6,10,-125.29,48.21,16.9,1.49,34.6,12.5,31.66,FALSE,5,4,16.9,0.667817080921078,0.767833700260418,"test",0,0,0,0,294
2410,"ECOHAB_2|2695","ECOHAB_2","LA04",NA,20030916,"CTD196",2695,6,10,-125.07,48.32,18.5,1.51,25.6,9.56,32.41,FALSE,5,4,18.5,0.699312660753592,0.786199683915093,"test",0,0,0,0,295
2458,"ECOHAB_2|2710","ECOHAB_2","C06","Final_Survey_Lines",20030917,"CTD208",2710,9,0,-124.86,48.4,17.1,1.39,36,11.8,32.22,FALSE,5,4,17.1,0.510339181758506,0.672140483207951,"test",0,0,0,0,296
2942,"ECOHAB_3|3555","ECOHAB_3","LA04","Survey_1",20040913,"CTD063",3555,7,10,-125.07,48.32,21.3,1.63,43.5,9.89,32.76,FALSE,5,4,21.3,0.888286139748678,0.891532132528343,"test",0,0,0,0,297
3198,"ECOHAB_3|3737","ECOHAB_3","LC03","Survey_1",20040916,"CTD109",3737,21,0,-125.57,48.78,18.6,1.51,43.1,11.81,31.53,FALSE,5,4,18.6,0.699312660753592,0.786199683915093,"test",0,0,0,0,298
3200,"ECOHAB_3|3739","ECOHAB_3","LC03","Survey_1",20040916,"CTD109",3739,7,10,-125.57,48.78,18.9,1.52,43.6,11.4,31.65,FALSE,5,4,18.9,0.715060450669849,0.795291653342869,"test",0,0,0,0,299
3213,"ECOHAB_3|3745","ECOHAB_3","BS01","Survey_1",20040916,"CTD111",3745,8,0,-125.25,48.85,20.2,1.67,47,11.77,31.09,FALSE,5,4,20.2,0.951277299413707,0.924925970883575,"test",0,0,0,0,300
3214,"ECOHAB_3|3746","ECOHAB_3","BS01","Survey_1",20040916,"CTD111",3746,7,5,-125.25,48.85,20.2,1.68,46.9,11.76,31.1,FALSE,5,4,20.2,0.967025089329964,0.933149448247767,"test",0,0,0,0,301
4285,"ECOHAB_4|5831","ECOHAB_4","JDFB",NA,20050715,"CTD074",5831,23,0,-124.38,48.38,21.3,1.59,33.8,11.16,31.62,FALSE,5,4,21.3,0.82529498008365,0.85730854926359,"test",0,0,0,0,302
4585,"ECOHAB_4|6133","ECOHAB_4","OZ01","Survey_2",20050719,"CTD122",6133,5,0,-124.73,48.06,15.8,1.26,26,11.42,32.63,FALSE,5,4,15.8,0.305617912847162,0.536888000914851,"test",0,0,0,0,303
5600,"ECOHAB_5|7211","ECOHAB_5","DA18",NA,20050912,"CTD076",7211,6,5,-124.24,46.49,14.6,1.23,27,11.39,32.95,FALSE,5,4,14.6,0.25837454309839,0.503695349789541,"test",0,0,0,0,304
5876,"ECOHAB_5|7386","ECOHAB_5","LP02","Survey_2",20050917,"CTD129",7386,8,0,-124.81,47.77,18.7,1.44,36.3,11.8,32,FALSE,5,4,18.7,0.589078131339792,0.720817929028957,"test",0,0,0,0,305
5878,"ECOHAB_5|7388","ECOHAB_5","LP02","Survey_2",20050917,"CTD129",7388,5,10,-124.81,47.77,19.7,1.48,34.4,11.45,32.1,FALSE,5,4,19.7,0.65206929100482,0.758558053308128,"test",0,0,0,0,306
5905,"ECOHAB_5|7404","ECOHAB_5","OZ04","Survey_2",20050917,"CTD134",7404,6,10,-125.11,47.89,19.3,1.51,33.5,12.31,31.57,FALSE,5,4,19.3,0.699312660753592,0.786199683915093,"test",0,0,0,0,307
6099,"ECOHAB_5|6946","ECOHAB_5","LB03","Survey_2",20050919,"CTD167",6946,7,0,-125.09,48.62,25,1.49,41.3,11.65,32.5,FALSE,5,4,25,0.667817080921078,0.767833700260418,"test",0,0,0,0,308
6100,"ECOHAB_5|7507","ECOHAB_5","LB03","Survey_2",20050919,"CTD167",7507,6,5,-125.09,48.62,22.7,1.55,42.8,11.58,32.49,FALSE,5,4,22.7,0.762303820418621,0.822212934399444,"test",0,0,0,0,309
6176,"ECOHAB_5|7549","ECOHAB_5","LBC06","Survey_2",20050920,"CTD180",7549,6,10,-125.88,48.41,24.3,1.69,42.5,11.15,31.95,FALSE,5,4,24.3,0.982772879246222,0.94132412130465,"test",0,0,0,0,310
6422,"ECOHAB_6|10895","ECOHAB_6","GH01","Survey_1",20060914,"CTD014",10895,4,5,-124.25,47.07,15.6,1.58,46.7,10.72,33.39,FALSE,5,4,15.6,0.809547190167393,0.848618120643258,"test",0,0,0,0,311
6496,"ECOHAB_6|10979","ECOHAB_6","CB04","Survey_1",20060915,"CTD027",10979,6,5,-124.72,47.2,16,1.32,28.3,9.68,32.8,FALSE,5,4,16,0.400104652344705,0.600965990093417,"test",0,0,0,0,312
6497,"ECOHAB_6|10980","ECOHAB_6","CB04","Survey_1",20060915,"CTD027",10980,5,10,-124.72,47.2,17,1.43,26.9,9.16,32.81,FALSE,5,4,17,0.573330341423534,0.711219086231263,"test",0,0,0,0,313
6581,"ECOHAB_6|12152","ECOHAB_6","EH2",NA,20060916,"CTD042",12152,1,6,-124.59,47.6,18.1,1.33,36.9,10.37,33.22,FALSE,5,4,18.1,0.415852442260963,0.611361725228762,"test",0,0,0,0,314
6670,"ECOHAB_6|11159","ECOHAB_6","OZ02","Survey_1",20060917,"CTD060",11159,6,0,-124.86,48,14.4,1.33,29.6,10.62,32.3,FALSE,5,4,14.4,0.415852442260963,0.611361725228762,"test",0,0,0,0,315
6683,"ECOHAB_6|11172","ECOHAB_6","CF01","Survey_1",20060918,"CTD062",11172,3,10,-124.74,48.28,19.7,1.63,39.8,10.64,32.69,FALSE,5,4,19.7,0.888286139748678,0.891532132528343,"test",0,0,0,0,316
6686,"ECOHAB_6|11175","ECOHAB_6","CF02","Survey_1",20060918,"CTD063",11175,6,0,-124.87,48.22,17.5,1.48,36.8,10.86,32.41,FALSE,5,4,17.5,0.65206929100482,0.758558053308128,"test",0,0,0,0,317
6687,"ECOHAB_6|11176","ECOHAB_6","CF02","Survey_1",20060918,"CTD063",11176,5,5,-124.87,48.22,17.6,1.48,36.3,10.84,32.41,FALSE,5,4,17.6,0.65206929100482,0.758558053308128,"test",0,0,0,0,318
6695,"ECOHAB_6|11185","ECOHAB_6","CF04","Survey_1",20060918,"CTD065",11185,8,0,-125.13,48.08,14.2,1.3,28.4,10.98,32.22,FALSE,5,4,14.2,0.368609072512191,0.579936140884877,"test",0,0,0,0,319
6747,"ECOHAB_6|11239","ECOHAB_6","LA08","Survey_1",20060919,"CTD075",11239,8,0,-125.51,48.1,17.9,1.66,42.6,11.86,31.97,FALSE,5,4,17.9,0.93552950949745,0.916653102968892,"test",0,0,0,0,320
6769,"ECOHAB_6|11263","ECOHAB_6","LA04","Survey_1",20060919,"CTD079",11263,6,10,-125.07,48.32,20.2,1.66,42.9,11.07,32.48,FALSE,5,4,20.2,0.93552950949745,0.916653102968892,"test",0,0,0,0,321
6778,"ECOHAB_6|11273","ECOHAB_6","LA02","Survey_1",20060919,"CTD081",11273,9,0,-124.86,48.44,19.4,1.66,40.9,10.83,32.54,FALSE,5,4,19.4,0.93552950949745,0.916653102968892,"test",0,0,0,0,322
6779,"ECOHAB_6|11274","ECOHAB_6","LA02","Survey_1",20060919,"CTD081",11274,8,5,-124.86,48.44,19.4,1.65,41.1,10.83,32.54,FALSE,5,4,19.4,0.919781719581193,0.908330247633644,"test",0,0,0,0,323
6802,"ECOHAB_6|11297","ECOHAB_6","LAB02","Survey_1",20060919,"CTD084",11297,7,0,-124.96,48.53,19.3,1.65,41.4,10.83,32.59,FALSE,5,4,19.3,0.919781719581193,0.908330247633644,"test",0,0,0,0,324
6804,"ECOHAB_6|11299","ECOHAB_6","LAB02","Survey_1",20060919,"CTD084",11299,5,10,-124.96,48.53,19.7,1.66,41.4,10.74,32.6,FALSE,5,4,19.7,0.93552950949745,0.916653102968892,"test",0,0,0,0,325
6812,"ECOHAB_6|11307","ECOHAB_6","LAB04","Survey_1",20060919,"CTD086",11307,8,0,-125.21,48.39,19.6,1.68,44,11.08,32.51,FALSE,5,4,19.6,0.967025089329964,0.933149448247767,"test",0,0,0,0,326
6813,"ECOHAB_6|11308","ECOHAB_6","LAB04","Survey_1",20060919,"CTD086",11308,7,5,-125.21,48.39,19.8,1.66,44,11.06,32.52,FALSE,5,4,19.8,0.93552950949745,0.916653102968892,"test",0,0,0,0,327
6823,"ECOHAB_6|11318","ECOHAB_6","LAB06","Survey_1",20060920,"CTD088",11318,8,0,-125.47,48.26,14.9,1.36,37.6,12.64,31.96,FALSE,5,4,14.9,0.463095812009734,0.64208630838107,"test",0,0,0,0,328
6884,"ECOHAB_6|11379","ECOHAB_6","LB10","Survey_1",20060920,"CTD097",11379,7,5,-125.69,48.31,15.4,1.38,36.7,11.86,32.05,FALSE,5,4,15.4,0.494591391842248,0.662195108830978,"test",0,0,0,0,329
6895,"ECOHAB_6|11390","ECOHAB_6","LB08","Survey_1",20060920,"CTD099",11390,8,0,-125.48,48.42,19,1.65,43.3,11.57,32.1,FALSE,5,4,19,0.919781719581193,0.908330247633644,"test",0,0,0,0,330
6897,"ECOHAB_6|11392","ECOHAB_6","LB08","Survey_1",20060920,"CTD099",11392,6,10,-125.48,48.42,19.9,1.7,44,11.46,32.15,FALSE,5,4,19.9,0.998520669162479,0.949450565921297,"test",0,0,0,0,331
6905,"ECOHAB_6|11401","ECOHAB_6","LB06","Survey_1",20060920,"CTD101",11401,7,0,-125.26,48.54,19.2,1.6,42.6,10.98,32.68,FALSE,5,4,19.2,0.841042769999907,0.865944492079947,"test",0,0,0,0,332
6917,"ECOHAB_6|11414","ECOHAB_6","LB03","Survey_1",20060921,"CTD104",11414,6,10,-125.09,48.62,18.4,1.58,40.6,11.03,32.44,FALSE,5,4,18.4,0.809547190167393,0.848618120643258,"test",0,0,0,0,333
7091,"ECOHAB_6|11586","ECOHAB_6","LD07","Survey_1",20060926,"CTD137",11586,9,0,-126.28,48.71,17.5,1.47,34.6,11.68,32.15,FALSE,5,4,17.5,0.636321501088563,0.749219520133661,"test",0,0,0,0,334
7135,"ECOHAB_6|11637","ECOHAB_6","D60056",NA,20060927,"CTD146",11637,6,5,-126.22,48.84,21.3,1.62,36,11.29,32.28,FALSE,5,4,21.3,0.872538349832422,0.883055623518196,"test",0,0,0,0,335
7147,"ECOHAB_6|11650","ECOHAB_6","LE03","Survey_1",20060927,"CTD149",11650,4,0,-126.22,49.03,14,1.38,45.2,12.19,32.11,FALSE,5,4,14,0.494591391842248,0.662195108830978,"test",0,0,0,0,336
7212,"ECOHAB_6|11719","ECOHAB_6","EH3","Survey_2",20060928,"CTD160",11719,2,6,-125.45,48.29,19.8,1.55,41.1,11.83,32.61,FALSE,5,4,19.8,0.762303820418621,0.822212934399444,"test",0,0,0,0,337
7517,"ECOHAB_6|12077","ECOHAB_6","D3943","Survey_2",20061002,"CTD225",12077,7,5,-125.52,47.85,17.1,1.44,38,11.71,32.54,FALSE,5,4,17.1,0.589078131339792,0.720817929028957,"test",0,0,0,0,338
7525,"ECOHAB_6|12085","ECOHAB_6","D60055","Survey_2",20061002,"CTD226",12085,7,5,-125.44,47.88,16.2,1.34,35.7,12.11,32.55,FALSE,5,4,16.2,0.43160023217722,0.621679588957964,"test",0,0,0,0,339
7569,"ECOHAB_6|12130","ECOHAB_6","D3884","Survey_2",20061003,"CTD232",12130,5,10,-125.9,48.63,23.2,1.66,37.3,10.5,32.8,FALSE,5,4,23.2,0.93552950949745,0.916653102968892,"test",0,0,0,0,340
7575,"ECOHAB_6|12136","ECOHAB_6","D3793","Survey_2",20061003,"CTD233",12136,6,5,-125.97,48.56,18.9,1.5,38.7,11.25,32.59,FALSE,5,4,18.9,0.683564870837335,0.777047302287258,"test",0,0,0,0,341
7576,"ECOHAB_6|12137","ECOHAB_6","D3793","Survey_2",20061003,"CTD233",12137,5,10,-125.97,48.56,21.7,1.63,38.9,11.04,32.65,FALSE,5,4,21.7,0.888286139748678,0.891532132528343,"test",0,0,0,0,342
92,"ECOHAB_1|111","ECOHAB_1","KB01","Survey_1",20030604,"CTD016",111,4,5,-124.5,47.58,23.7,1.94,33,9.09,32.44,FALSE,6,5,23.7,1.37646762715265,1.13135337318799,"test",0,0,0,0,343
93,"ECOHAB_1|110","ECOHAB_1","KB01","Survey_1",20030604,"CTD016",110,3,10,-124.5,47.58,28.7,2.21,40.3,7.63,33.28,FALSE,6,5,28.7,1.8016579548916,1.31083854634107,"test",0,0,0,0,344
187,"ECOHAB_1|265","ECOHAB_1","OZ01","Survey_1",20030605,"CTD035",265,4,10,-124.73,48.06,28.4,2.19,36.7,7.9,33.16,FALSE,6,5,28.4,1.77016237505908,1.29831638403426,"test",0,0,0,0,345
286,"ECOHAB_1|403","ECOHAB_1","LA04","Survey_1",20030606,"CTD053",403,7,8,-125.07,48.32,24.2,1.81,47.6,8.85,32.58,FALSE,6,5,24.2,1.17174635824131,1.03581338817802,"test",0,0,0,0,346
298,"ECOHAB_1|417","ECOHAB_1","LA02","Survey_1",20030606,"CTD055",417,7,10,-124.86,48.44,27.6,2.1,42.7,9.13,32.26,FALSE,6,5,27.6,1.62843226581277,1.24051370578799,"test",0,0,0,0,347
323,"ECOHAB_1|460","ECOHAB_1","LAB02","Survey_1",20030607,"CTD058",460,6,5,-124.97,48.53,24.9,1.83,39.8,10.01,31.62,FALSE,6,5,24.9,1.20324193807382,1.05095011596697,"test",0,0,0,0,348
871,"ECOHAB_1|1166","ECOHAB_1","LAB01","Survey_2",20030615,"CTD146",1166,4,10,-124.83,48.59,20.7,1.77,32.8,9.85,31.09,FALSE,6,5,20.7,1.10875519857628,1.00503158502914,"test",0,0,0,0,349
1241,"ECOHAB_1|1715","ECOHAB_1","LAB02","Survey_3",20030621,"CTD221",1715,4,10,-124.96,48.53,23.1,1.89,33.7,9.34,31.69,FALSE,6,5,23.1,1.29772867757137,1.09538714273701,"test",0,0,0,0,350
1361,"ECOHAB_1|1868","ECOHAB_1","LA02","Survey_3",20030622,"CTD245",1868,9,0,-124.86,48.44,26.5,2.09,55,10.09,32,FALSE,6,5,26.5,1.61268447589651,1.23393885622948,"test",0,0,0,0,351
1370,"ECOHAB_1|1879","ECOHAB_1","LA01","Survey_3",20030622,"CTD246",1879,11,0,-124.73,48.49,23.4,1.83,48.4,10.71,31.8,FALSE,6,5,23.4,1.20324193807382,1.05095011596697,"test",0,0,0,0,352
1372,"ECOHAB_1|1875","ECOHAB_1","LA01","Survey_3",20030622,"CTD246",1875,7,10,-124.73,48.49,25.8,2,52.5,9.77,31.94,FALSE,6,5,25.8,1.4709543666502,1.17330874962017,"test",0,0,0,0,353
1448,"ECOHAB_2|1955","ECOHAB_2","KB03",NA,20030901,"CTD010",1955,1,10,-124.78,47.48,22.8,1.71,37.9,10.1,32.63,FALSE,6,5,22.8,1.01426845907874,0.957529347832107,"test",0,0,0,0,354
1549,"ECOHAB_2|2023","ECOHAB_2","LP01","Survey_1",20030903,"CTD028",2023,4,5,-124.68,47.83,25.7,2.03,47.8,9.97,32.89,FALSE,6,5,25.7,1.51819773639897,1.19381674681747,"test",0,0,0,0,355
1648,"ECOHAB_2|2097","ECOHAB_2","CF01","Survey_1",20030904,"CTD047",2097,5,0,-124.74,48.28,29.4,2.24,50.2,9.4,32.96,FALSE,6,5,29.4,1.84890132464037,1.32941089558068,"test",0,0,0,0,356
1662,"ECOHAB_2|2105","ECOHAB_2","LA02","Survey_1",20030904,"CTD049",2105,9,0,-124.86,48.44,27,2.2,49.1,10.6,32.22,FALSE,6,5,27,1.78591016497534,1.30459169496656,"test",0,0,0,0,357
1764,"ECOHAB_2|2181","ECOHAB_2","LAB02","Survey_1",20030905,"CTD067",2181,5,5,-124.96,48.53,27.8,2.16,47,9.89,32.62,FALSE,6,5,27.8,1.72291900531031,1.27931707085111,"test",0,0,0,0,358
1777,"ECOHAB_2|2190","ECOHAB_2","LC01","Survey_1",20030905,"CTD069",2190,5,10,-125.46,48.84,23.7,2.01,47.1,12.3,31.59,FALSE,6,5,23.7,1.48670215656645,1.18017873078012,"test",0,0,0,0,359
1933,"ECOHAB_2|2317","ECOHAB_2","LA04","Survey_2",20030908,"CTD098",2317,7,5,-125.07,48.32,22.1,1.78,43.3,12.2,31.92,FALSE,6,5,22.1,1.12450298849254,1.01279176536996,"test",0,0,0,0,360
2032,"ECOHAB_2|2417","ECOHAB_2","LBC06","Survey_2",20030910,"CTD124",2417,6,10,-125.88,48.41,24.7,1.98,45,10.8,32.11,FALSE,6,5,24.7,1.43945878681768,1.15946513191557,"test",0,0,0,0,361
2061,"ECOHAB_2|2440","ECOHAB_2","LBC01",NA,20030910,"CTD130",2440,6,5,-125.25,48.73,23.7,1.96,44.7,11.5,31.84,FALSE,6,5,23.7,1.40796320698517,1.14548096746658,"test",0,0,0,0,362
2190,"ECOHAB_2|2531","ECOHAB_2","LB01","Survey_2",20030912,"CTD152",2531,3,10,-124.99,48.67,25.4,2.18,46.8,10.9,31.64,FALSE,6,5,25.4,1.75441458514282,1.29201235304343,"test",0,0,0,0,363
2520,"ECOHAB_2|2747","ECOHAB_2","JDFB","Final_Survey_Lines",20030918,"CTD220",2747,10,0,-124.38,48.39,24.6,2.12,47.2,10.8,31.56,FALSE,6,5,24.6,1.65992784564528,1.25356999659651,"test",0,0,0,0,364
2522,"ECOHAB_2|2749","ECOHAB_2","JDFB","Final_Survey_Lines",20030918,"CTD220",2749,8,10,-124.38,48.39,26,2.21,47.9,10.3,31.94,FALSE,6,5,26,1.8016579548916,1.31083854634107,"test",0,0,0,0,365
2562,"ECOHAB_2|2762","ECOHAB_2","JDFG","Final_Survey_Lines",20030918,"CTD225",2762,7,0,-122.83,48.22,23.7,2.28,47.9,11.2,31.07,FALSE,6,5,23.7,1.9118924843054,1.35379079516502,"test",0,0,0,0,366
2569,"ECOHAB_2|2765","ECOHAB_2","PGS01","Final_Survey_Lines",20030918,"CTD226",2765,3,0,-122.75,48.13,23.2,2.25,46.3,11.3,31.3,FALSE,6,5,23.2,1.86464911455662,1.33554644410941,"test",0,0,0,0,367
2578,"ECOHAB_3|3292","ECOHAB_3","EH1",NA,20040909,"CTD001",3292,10,0,-124.7,48.49,23,1.85,52.5,10.62,32.11,FALSE,6,5,23,1.23473751790634,1.06592231084836,"test",0,0,0,0,368
2580,"ECOHAB_3|3294","ECOHAB_3","EH1",NA,20040909,"CTD001",3294,8,10,-124.7,48.49,24.4,1.95,53.2,10.22,32.2,FALSE,6,5,24.4,1.39221541706891,1.13843528270703,"test",0,0,0,0,369
3038,"ECOHAB_3|3622","ECOHAB_3","LAB01","Survey_1",20040914,"CTD080",3622,6,5,-124.83,48.59,21.1,1.74,49.1,11.53,31.09,FALSE,6,5,21.1,1.06151182882751,0.981485227598657,"test",0,0,0,0,370
3039,"ECOHAB_3|3623","ECOHAB_3","LAB01","Survey_1",20040914,"CTD080",3623,5,10,-124.83,48.59,21.7,1.79,49.7,11.19,31.25,FALSE,6,5,21.7,1.14025077840879,1.02050847108306,"test",0,0,0,0,371
3206,"ECOHAB_3|3741","ECOHAB_3","LC01","Survey_1",20040916,"CTD110",3741,8,0,-125.46,48.84,21.9,1.82,49,11.69,31.2,FALSE,6,5,21.9,1.18749414815757,1.04340254438561,"test",0,0,0,0,372
3795,"ECOHAB_3|4279","ECOHAB_3","JDFA","Period_3",20040928,"CTD210",4279,9,5,-124.54,48.43,24.2,2.03,59.7,10.74,31.79,FALSE,6,5,24.2,1.51819773639897,1.19381674681747,"test",0,0,0,0,373
3812,"ECOHAB_3|4286","ECOHAB_3","JDFC","Period_3",20040928,"CTD212",4286,10,0,-124.05,48.29,27.4,2.26,64,10.21,31.75,FALSE,6,5,27.4,1.88039690447288,1.34165478390784,"test",0,0,0,0,374
4586,"ECOHAB_4|6134","ECOHAB_4","OZ01","Survey_2",20050719,"CTD122",6134,4,5,-124.73,48.06,19.9,1.75,27.2,9.54,32.95,FALSE,6,5,19.9,1.07725961874376,0.989378821506068,"test",0,0,0,0,375
5645,"ECOHAB_5|7254","ECOHAB_5","EH1",NA,20050913,"CTD086",7254,7,0,-124.7,48.49,26.3,1.78,41.3,11.45,31.54,FALSE,6,5,26.3,1.12450298849254,1.01279176536996,"test",0,0,0,0,376
5650,"ECOHAB_5|7259","ECOHAB_5","LAB01",NA,20050913,"CTD087",7259,3,10,-124.83,48.59,27.6,1.92,42.7,10.17,31.94,FALSE,6,5,27.6,1.34497204732014,1.11707937636187,"test",0,0,0,0,377
5998,"ECOHAB_5|7453","ECOHAB_5","LA04","Survey_2",20050918,"CTD150",7453,7,5,-125.07,48.32,27.3,1.96,42,9.65,32.82,FALSE,6,5,27.3,1.40796320698517,1.14548096746658,"test",0,0,0,0,378
6068,"ECOHAB_5|7494","ECOHAB_5","LAB04","Survey_2",20050919,"CTD162",7494,6,10,-125.21,48.39,31,1.85,44.7,8.83,33.07,FALSE,6,5,31,1.23473751790634,1.06592231084836,"test",0,0,0,0,379
6083,"ECOHAB_5|7500","ECOHAB_5","LAB02","Survey_2",20050919,"CTD164",7500,5,10,-124.96,48.53,31.3,1.97,46.4,9.05,32.72,FALSE,6,5,31.3,1.42371099690142,1.15249079616887,"test",0,0,0,0,380
6090,"ECOHAB_5|7503","ECOHAB_5","LAB01","Survey_2",20050919,"CTD165",7503,4,10,-124.83,48.59,24.4,1.73,41.4,11.13,31.37,FALSE,6,5,24.4,1.04576403891125,0.973546137221582,"test",0,0,0,0,381
6095,"ECOHAB_5|7505","ECOHAB_5","LB01","Survey_2",20050919,"CTD166",7505,4,5,-124.99,48.67,24.4,1.72,41.6,11.18,31.32,FALSE,6,5,24.4,1.03001624899499,0.965561022875136,"test",0,0,0,0,382
6332,"ECOHAB_6|10802","ECOHAB_6","PW01.5","Survey_0",20060912,"CTD003",10802,7,5,-122.42,47.83,18.3,1.99,50.1,13.21,30.23,FALSE,6,5,18.3,1.45520657673394,1.1664043323206,"test",0,0,0,0,383
6333,"ECOHAB_6|10803","ECOHAB_6","PW01.5","Survey_0",20060912,"CTD003",10803,6,10,-122.42,47.83,18.9,2.04,50.8,13.1,30.26,FALSE,6,5,18.9,1.53394552631522,1.20058545020322,"test",0,0,0,0,384
6339,"ECOHAB_6|10811","ECOHAB_6","PW03","Survey_0",20060913,"CTD004",10811,5,10,-122.66,48,19.3,2.05,48.2,12.47,30.6,FALSE,6,5,19.3,1.54969331623148,1.20732105466268,"test",0,0,0,0,385
6356,"ECOHAB_6|10830","ECOHAB_6","JDFF","Survey_0",20060913,"CTD007",10830,8,5,-123.1,48.24,23.8,2.17,52,11.05,31.5,FALSE,6,5,23.8,1.73866679522657,1.28567933790018,"test",0,0,0,0,386
6357,"ECOHAB_6|10831","ECOHAB_6","JDFF","Survey_0",20060913,"CTD007",10831,7,10,-123.1,48.24,23.8,2.18,52.1,11.05,31.5,FALSE,6,5,23.8,1.75441458514282,1.29201235304343,"test",0,0,0,0,387
6384,"ECOHAB_6|10858","ECOHAB_6","JDFN3","Survey_0",20060913,"CTD010",10858,7,10,-124.03,48.37,26.9,2.29,55.4,10.1,32.06,FALSE,6,5,26.9,1.92764027422165,1.35981893768432,"test",0,0,0,0,388
6391,"ECOHAB_6|10865","ECOHAB_6","JDFN2","Survey_0",20060913,"CTD011",10865,9,0,-124.29,48.44,26.6,2.28,54.7,10,32.31,FALSE,6,5,26.6,1.9118924843054,1.35379079516502,"test",0,0,0,0,389
6582,"ECOHAB_6|11068","ECOHAB_6","LP01","Survey_1",20060916,"CTD043",11068,5,0,-124.67,47.82,21.5,1.71,43.6,10.09,33.23,FALSE,6,5,21.5,1.01426845907874,0.957529347832107,"test",0,0,0,0,390
6583,"ECOHAB_6|11069","ECOHAB_6","LP01","Survey_1",20060916,"CTD043",11069,4,5,-124.67,47.82,22.3,1.78,44.4,10,33.24,FALSE,6,5,22.3,1.12450298849254,1.01279176536996,"test",0,0,0,0,391
6796,"ECOHAB_6|11291","ECOHAB_6","LAB01","Survey_1",20060919,"CTD083",11291,6,0,-124.83,48.59,26.6,2.27,55.1,10.48,31.96,FALSE,6,5,26.6,1.89614469438914,1.34773615523083,"test",0,0,0,0,392
6952,"ECOHAB_6|11450","ECOHAB_6","LBC04","Survey_1",20060921,"CTD110",11450,6,5,-125.63,48.54,20.2,1.73,43.8,10.61,32.62,FALSE,6,5,20.2,1.04576403891125,0.973546137221582,"test",0,0,0,0,393
6953,"ECOHAB_6|11451","ECOHAB_6","LBC04","Survey_1",20060921,"CTD110",11451,5,10,-125.63,48.54,20.2,1.74,43.9,10.61,32.62,FALSE,6,5,20.2,1.06151182882751,0.981485227598657,"test",0,0,0,0,394
6970,"ECOHAB_6|11468","ECOHAB_6","LBC01","Survey_1",20060922,"CTD113",11468,6,10,-125.25,48.73,25.2,2.16,56.3,10.29,32.06,FALSE,6,5,25.2,1.72291900531031,1.27931707085111,"test",0,0,0,0,395
7009,"ECOHAB_6|11512","ECOHAB_6","LC01","Survey_1",20060925,"CTD123",11512,6,5,-125.46,48.84,25.4,2.27,56.3,10.86,31.91,FALSE,6,5,25.4,1.89614469438914,1.34773615523083,"test",0,0,0,0,396
7039,"ECOHAB_6|11542","ECOHAB_6","LC07","Survey_1",20060925,"CTD128",11542,8,0,-126.01,48.55,22.2,1.82,46.3,11.07,32.49,FALSE,6,5,22.2,1.18749414815757,1.04340254438561,"test",0,0,0,0,397
7115,"ECOHAB_6|11617","ECOHAB_6","LD01","Survey_1",20060926,"CTD142",11617,4,5,-125.73,49,21.6,1.86,44.5,11.71,31.71,FALSE,6,5,21.6,1.25048530782259,1.07334781868137,"test",0,0,0,0,398
7151,"ECOHAB_6|11654","ECOHAB_6","LE04","Survey_1",20060927,"CTD150",11654,4,0,-126.36,48.95,20.1,1.73,46.9,11.43,32.5,FALSE,6,5,20.1,1.04576403891125,0.973546137221582,"test",0,0,0,0,399
7219,"ECOHAB_6|11726","ECOHAB_6","LAB04","Survey_2",20060928,"CTD162",11726,6,10,-125.21,48.39,26.6,1.99,42.5,9.9,32.88,FALSE,6,5,26.6,1.45520657673394,1.1664043323206,"test",0,0,0,0,400
